Time,Voltage_Out1,Voltage_Out2,Speed_KPH
0.0,1.0,0.5,0.0
0.034,1.0,0.5,0.0
0.071,1.0,0.5,0.0
0.11,1.0,0.5,0.0
0.149,1.0,0.5,0.0
0.187,1.0,0.5,0.0
0.222,1.0,0.5,0.0
0.258,1.0,0.5,0.0
0.293,1.0,0.5,0.0
0.328,1.0,0.5,0.0
0.365,1.0,0.5,0.0
0.402,1.0,0.5,0.0
0.44,1.0,0.5,0.0
0.477,1.0,0.5,0.0
0.52,1.0,0.5,0.0
0.557,1.0,0.5,0.0
0.594,1.0,0.5,0.0
0.632,1.0,0.5,0.0
0.671,1.0,0.5,0.0
0.709,1.0,0.5,0.0
0.747,1.0,0.5,0.0
0.781,1.0,0.5,0.0
0.82,1.0,0.5,0.0
0.856,1.0,0.5,0.0
0.897,1.0,0.5,0.0
0.935,1.0,0.5,0.0
0.973,1.0,0.5,0.0
1.014,1.0,0.5,0.0
1.054,1.0,0.5,0.0
1.092,1.0,0.5,0.0
1.13,1.0,0.5,0.0
1.169,1.0,0.5,0.0
1.209,1.0,0.5,0.0
1.244,1.0,0.5,0.0
1.284,1.0,0.5,0.0
1.325,1.0,0.5,0.0
1.361,1.0,0.5,0.0
1.411,1.0,0.5,0.0
1.471,1.0,0.5,0.0
1.534,1.0,0.5,0.0
1.569,1.0,0.5,0.0
1.604,1.0,0.5,0.0
1.626,1.0,0.5,0.0
1.664,1.0,0.5,0.0
1.702,1.0,0.5,0.0
1.746,1.0,0.5,0.0
1.803,1.0,0.5,0.0
1.863,1.0,0.5,0.0
1.9,1.0,0.5,0.0
1.943,1.0,0.5,0.0
1.982,1.0,0.5,0.0
2.021,1.0,0.5,0.0
2.058,1.0,0.5,0.0
2.103,1.0,0.5,0.0
2.141,1.0,0.5,0.0
2.18,1.0,0.5,0.0
2.206,1.0,0.5,0.0
2.269,1.0,0.5,0.0
2.308,1.0,0.5,0.0
2.351,1.0,0.5,0.0
2.388,1.0,0.5,0.0
2.427,1.0,0.5,0.0
2.465,1.0,0.5,0.0
2.515,1.0,0.5,0.0
2.559,1.0,0.5,0.0
2.595,1.0,0.5,0.0
2.634,1.0,0.5,0.0
2.67,1.0,0.5,0.0
2.727,1.0,0.5,0.0
2.769,1.0,0.5,0.0
2.808,1.0,0.5,0.0
2.845,1.0,0.5,0.0
2.976,1.0,0.5,0.0
3.01,1.0,0.5,0.0
3.047,1.0,0.5,0.0
3.102,1.0,0.5,0.0
3.139,1.0,0.5,0.0
3.177,1.0,0.5,0.0
3.201,1.0,0.5,0.0
3.24,1.0,0.5,0.0
3.299,1.0,0.5,0.0
3.341,1.0,0.5,0.0
3.399,1.0,0.5,0.0
3.436,1.0,0.5,0.0
3.472,1.0,0.5,0.0
3.513,1.0,0.5,0.0
3.55,1.0,0.5,0.0
3.612,1.0,0.5,0.0
3.65,1.0,0.5,0.0
3.695,1.0,0.5,0.0
3.738,1.0,0.5,0.0
3.798,1.0,0.5,0.0
3.84,1.0,0.5,0.0
3.882,1.0,0.5,0.0
3.924,1.0,0.5,0.0
3.959,1.0,0.5,0.0
4.013,1.0,0.5,0.0
4.051,1.0,0.5,0.0
4.074,1.0,0.5,0.0
4.117,1.0,0.5,0.0
4.158,1.0,0.5,0.0
4.198,1.0,0.5,0.0
4.245,1.0,0.5,0.0
4.284,1.0,0.5,0.0
4.324,1.0,0.5,0.0
4.37,1.0,0.5,0.0
4.406,1.0,0.5,0.0
4.466,1.0,0.5,0.0
4.534,1.0,0.5,0.0
4.578,1.0,0.5,0.0
4.614,1.0,0.5,0.0
4.657,1.0,0.5,0.0
4.68,1.0,0.5,0.0
4.716,1.0,0.5,0.0
4.768,1.0,0.5,0.0
4.806,1.0,0.5,0.0
4.842,1.0,0.5,0.0
4.923,1.0,0.5,0.0
4.966,1.0,0.5,0.0
5.002,1.0,0.5,0.0
5.046,1.0,0.5,0.0
5.1,1.0,0.5,0.0
5.142,1.0,0.5,0.0
5.184,1.0,0.5,0.0
5.222,1.0,0.5,0.0
5.302,1.0,0.5,0.0
5.344,1.0,0.5,0.0
5.385,1.0,0.5,0.0
5.421,1.0,0.5,0.0
5.456,1.0,0.5,0.0
5.545,1.0,0.5,0.0
5.586,1.0,0.5,0.0
5.624,1.0,0.5,0.0
5.681,1.0,0.5,0.0
5.724,1.0,0.5,0.0
5.782,1.0,0.5,0.0
5.821,1.0,0.5,0.0
5.858,1.0,0.5,0.0
5.888,1.0,0.5,0.0
5.931,1.0,0.5,0.0
5.974,1.0,0.5,0.0
6.051,1.0,0.5,0.0
6.088,1.0,0.5,0.0
6.129,1.0,0.5,0.0
6.171,1.0,0.5,0.0
6.231,1.0,0.5,0.0
6.274,1.0,0.5,0.0
6.329,1.0,0.5,0.0
6.394,1.0,0.5,0.0
6.434,1.0,0.5,0.0
6.488,1.0,0.5,0.0
6.511,1.0,0.5,0.0
6.55,1.0,0.5,0.0
6.588,1.0,0.5,0.0
6.628,1.0,0.5,0.0
6.675,1.0,0.5,0.0
6.756,1.0,0.5,0.0
6.813,1.0,0.5,0.0
6.849,1.0,0.5,0.0
6.886,1.0,0.5,0.0
6.93,1.0,0.5,0.0
6.97,1.0,0.5,0.0
6.994,1.0,0.5,0.0
7.031,1.0,0.5,0.0
7.055,1.0,0.5,0.0
7.09,1.0,0.5,0.0
7.15,1.0,0.5,0.0
7.222,1.0,0.5,0.0
7.261,1.0,0.5,0.0
7.296,1.0,0.5,0.0
7.333,1.0,0.5,0.0
7.374,1.0,0.5,0.0
7.411,1.0,0.5,0.0
7.434,1.0,0.5,0.0
7.477,1.0,0.5,0.0
7.52,1.0,0.5,0.0
7.563,1.0,0.5,0.0
7.599,1.0,0.5,0.0
7.675,1.0,0.5,0.0
7.717,1.0,0.5,0.0
7.759,1.0,0.5,0.0
7.798,1.0,0.5,0.0
7.886,1.0,0.5,0.0
7.923,1.0,0.5,0.0
7.964,1.0,0.5,0.0
8.009,1.0,0.5,0.0
8.051,1.0,0.5,0.0
8.106,1.0,0.5,0.0
8.151,1.0,0.5,0.0
8.191,1.0,0.5,0.0
8.228,1.0,0.5,0.0
8.267,1.0,0.5,0.0
8.346,1.0,0.5,0.0
8.386,1.0,0.5,0.0
8.423,1.0,0.5,0.0
8.469,1.0,0.5,0.0
8.545,1.0,0.5,0.0
8.606,1.0,0.5,0.0
8.646,1.0,0.5,0.0
8.684,1.0,0.5,0.0
8.762,1.0,0.5,0.0
8.799,1.0,0.5,0.0
8.838,1.0,0.5,0.0
8.897,1.0,0.5,0.0
8.95,1.0,0.5,0.0
8.985,1.0,0.5,0.0
9.021,1.0,0.5,0.0
9.058,1.0,0.5,0.0
9.094,1.0,0.5,0.0
9.132,1.0,0.5,0.0
9.171,1.0,0.5,0.0
9.21,1.0,0.5,0.0
9.246,1.0,0.5,0.0
9.283,1.0,0.5,0.0
9.326,1.0,0.5,0.0
9.38,1.0,0.5,0.0
9.415,1.0,0.5,0.0
9.458,1.0,0.5,0.0
9.494,1.0,0.5,0.0
9.52,1.0,0.5,0.0
9.559,1.0,0.5,0.0
9.599,1.0,0.5,0.0
9.638,1.0,0.5,0.0
9.659,1.0,0.5,0.0
9.694,1.0,0.5,0.0
9.731,1.0,0.5,0.0
9.757,1.0,0.5,0.0
9.794,1.0,0.5,0.0
9.82,1.0,0.5,0.0
9.861,1.0,0.5,0.0
9.906,1.0,0.5,0.0
9.954,1.0,0.5,0.0
9.991,1.0,0.5,0.0
10.044,1.0,0.5,0.0
10.088,1.0,0.5,0.0
10.131,1.0,0.5,0.0
10.153,1.0,0.5,0.0
10.219,1.0,0.5,0.0
10.262,1.0,0.5,0.0
10.304,1.0,0.5,0.0
10.342,1.0,0.5,0.0
10.37,1.0,0.5,0.0
10.409,1.0,0.5,0.0
10.429,1.0,0.5,0.0
10.489,1.0,0.5,0.0
10.547,1.0,0.5,0.0
10.583,1.0,0.5,0.0
10.672,1.0,0.5,0.0
10.712,1.0,0.5,0.0
10.75,1.0,0.5,0.0
10.817,1.0,0.5,0.0
10.875,1.0,0.5,0.0
10.93,1.0,0.5,0.0
10.97,1.0,0.5,0.0
10.995,1.0,0.5,0.0
11.051,1.0,0.5,0.0
11.094,1.0,0.5,0.0
11.13,1.0,0.5,0.0
11.171,1.0,0.5,0.0
11.207,1.0,0.5,0.0
11.251,1.0,0.5,0.0
11.272,1.0,0.5,0.0
11.311,1.0,0.5,0.0
11.346,1.0,0.5,0.0
11.382,1.0,0.5,0.0
11.429,1.0,0.5,0.0
11.465,1.0,0.5,0.0
11.513,1.0,0.5,0.0
11.549,1.0,0.5,0.0
11.592,1.0,0.5,0.0
11.629,1.0,0.5,0.0
11.675,1.0,0.5,0.0
11.716,1.0,0.5,0.0
11.777,1.0,0.5,0.0
11.8,1.0,0.5,0.0
11.865,1.0,0.5,0.0
11.906,1.0,0.5,0.0
11.948,1.0,0.5,0.0
11.987,1.0,0.5,0.0
12.067,1.0,0.5,0.0
12.109,1.0,0.5,0.0
12.145,1.0,0.5,0.0
12.17,1.0,0.5,0.0
12.226,1.0,0.5,0.0
12.289,1.0,0.5,0.0
12.323,1.0,0.5,0.0
12.367,1.0,0.5,0.0
12.428,1.0,0.5,0.0
12.467,1.0,0.5,0.0
12.509,1.0,0.5,0.0
12.549,1.0,0.5,0.0
12.589,1.0,0.5,0.0
12.663,1.0,0.5,0.0
12.689,1.0,0.5,0.0
12.73,1.0,0.5,0.0
12.765,1.0,0.5,0.0
12.828,1.0,0.5,0.0
12.868,1.0,0.5,0.0
12.907,1.0,0.5,0.0
12.947,1.0,0.5,0.0
12.987,1.0,0.5,0.0
13.028,1.0,0.5,0.0
13.067,1.0,0.5,0.0
13.106,1.0,0.5,0.0
13.145,1.0,0.5,0.0
13.18,1.0,0.5,0.0
13.217,1.2,0.6,0.0
13.281,1.2,0.6,0.0
13.358,1.2,0.6,0.0
13.399,1.2,0.6,0.0
13.443,1.2,0.6,0.0
13.503,1.2,0.6,0.0
13.577,1.2,0.6,0.0
13.616,1.2,0.6,0.0
13.656,1.2,0.6,0.0
13.731,1.2,0.6,0.0
13.772,1.2,0.6,0.0
13.81,1.2,0.6,0.0
13.854,1.2,0.6,0.0
13.897,1.2,0.6,0.0
13.955,1.2,0.6,0.0
13.994,1.2,0.6,0.0
14.054,1.2,0.6,0.0
14.09,1.2,0.6,0.0
14.138,1.2,0.6,0.0
14.187,1.2,0.6,0.0
14.229,1.2,0.6,0.0
14.266,1.2,0.6,0.0
14.303,1.2,0.6,0.0
14.333,1.2,0.6,0.0
14.371,1.2,0.6,0.0
14.395,1.2,0.6,0.0
14.435,1.2,0.6,0.0
14.469,1.2,0.6,0.0
14.506,1.2,0.6,0.0
14.546,1.2,0.6,0.0
14.584,1.2,0.6,0.0
14.624,1.2,0.6,0.0
14.663,1.2,0.6,0.0
14.704,1.2,0.6,0.0
14.725,1.2,0.6,0.0
14.767,1.2,0.6,0.0
14.805,1.2,0.6,0.0
14.851,1.2,0.6,0.0
14.887,1.2,0.6,0.0
14.924,1.2,0.6,0.0
14.965,1.2,0.6,0.0
15.0,1.2,0.6,0.0
15.043,1.2,0.6,0.0
15.084,1.2,0.6,0.0
15.125,1.2,0.6,0.0
15.167,1.2,0.6,1.23081432
15.211,1.2,0.6,1.30737132
15.254,1.2,0.6,1.44760614
15.292,1.2,0.6,1.58768608
15.329,1.2,0.6,1.6640280400000005
15.39,1.2,0.6,2.01968124
15.429,1.2,0.6,2.15912758
15.465,1.2,0.6,2.23512394
15.505,1.2,0.6,2.37433092
15.573,1.2,0.6,2.58916434
15.612,1.2,0.6,2.66489958
15.65,1.2,0.6,2.8036278400000003
15.694,1.2,0.6,2.94220122
15.754,1.2,0.6,3.08061972
15.788,1.2,0.6,3.23144508
15.824,1.2,0.6,3.23144508
15.86,1.2,0.6,3.36953974
15.882,1.2,0.6,3.36953974
15.933,1.2,0.6,3.507479520000001
15.968,1.2,0.6,3.5826541200000004
15.993,1.2,0.6,3.64526442
16.054,1.2,0.6,3.79539858
16.093,1.2,0.6,3.8579000800000007
16.143,1.2,0.6,3.93285964
16.164,1.2,0.6,4.00777312
16.198,1.2,0.6,4.07016582
16.222,1.2,0.6,4.07016582
16.259,1.2,0.6,4.207317120000001
16.292,1.2,0.6,4.28206164
16.326,1.2,0.6,4.28206164
16.363,1.2,0.6,4.356760079999999
16.406,1.2,0.6,4.49358754
16.445,1.2,0.6,4.56815542
16.487,1.2,0.6,4.630260120000001
16.524,1.2,0.6,4.704743519999999
16.549,1.2,0.6,4.704743519999999
16.588,1.2,0.6,4.76677782
16.609,1.2,0.6,4.84117674
16.644,1.2,0.6,4.915529580000001
16.681,1.2,0.6,4.915529580000001
16.718,1.2,0.6,4.97745508
16.739,1.2,0.6,5.05172344
16.776,1.2,0.6,5.05172344
16.82,1.2,0.6,5.125945720000001
16.86,1.2,0.6,5.261900220000001
16.903,1.2,0.6,5.3236465200000005
16.943,1.2,0.6,5.39769984
16.983,1.2,0.6,5.47170708
17.023,1.2,0.6,5.53334458
17.062,1.2,0.6,5.60726734
17.101,1.2,0.6,5.68114402
17.141,1.2,0.6,5.74267272
17.181,1.2,0.6,5.81646492
17.222,1.2,0.6,5.87792322
17.261,1.2,0.6,5.951630940000001
17.3,1.2,0.6,6.02529258
17.336,1.2,0.6,6.086642080000001
17.381,1.2,0.6,6.086642080000001
17.419,1.2,0.6,6.16021924
17.459,1.2,0.6,6.23375032
17.499,1.2,0.6,6.294991019999999
17.54,1.2,0.6,6.36843762
17.582,1.2,0.6,6.36843762
17.624,1.2,0.6,6.4296079200000005
17.665,1.2,0.6,6.502970040000001
17.706,1.2,0.6,6.576286080000001
17.746,1.2,0.6,6.63734758
17.786,1.2,0.6,6.63734758
17.825,1.2,0.6,6.63734758
17.867,1.2,0.6,6.71057914
17.905,1.2,0.6,6.78376462
17.948,1.2,0.6,6.78376462
17.99,1.2,0.6,6.844717320000001
18.028,1.2,0.6,6.844717320000001
18.069,1.2,0.6,6.844717320000001
18.109,1.2,0.6,6.91781832
18.168,1.2,0.6,6.97870062
18.207,1.2,0.6,7.051717139999999
18.248,1.2,0.6,7.051717139999999
18.287,1.2,0.6,7.12468758
18.326,1.2,0.6,7.12468758
18.368,1.2,0.6,7.18546108
18.408,1.2,0.6,7.18546108
18.448,1.2,0.6,7.18546108
18.488,1.2,0.6,7.25834704
18.528,1.2,0.6,7.25834704
18.569,1.2,0.6,7.331186919999999
18.608,1.2,0.6,7.331186919999999
18.648,1.2,0.6,7.391851620000001
18.688,1.2,0.6,7.464607019999999
18.726,1.2,0.6,7.464607019999999
18.752,1.2,0.6,7.464607019999999
18.792,1.2,0.6,7.464607019999999
18.832,1.2,0.6,7.525201320000001
18.873,1.2,0.6,7.525201320000001
18.914,1.2,0.6,7.525201320000001
18.953,1.2,0.6,7.597872239999999
18.993,1.2,0.6,7.670497079999999
19.032,1.2,0.6,7.670497079999999
19.073,1.2,0.6,7.670497079999999
19.112,1.2,0.6,7.670497079999999
19.15,1.2,0.6,7.670497079999999
19.188,1.2,0.6,7.730982579999999
19.245,1.2,0.6,7.730982579999999
19.285,1.2,0.6,7.803522939999999
19.323,1.2,0.6,7.803522939999999
19.346,1.2,0.6,7.803522939999999
19.381,1.2,0.6,7.803522939999999
19.405,1.2,0.6,7.803522939999999
19.44,1.2,0.6,7.87601722
19.464,1.2,0.6,7.87601722
19.5,1.2,0.6,7.87601722
19.526,1.2,0.6,7.87601722
19.563,1.2,0.6,7.93639392
19.584,1.2,0.6,7.93639392
19.62,1.2,0.6,7.93639392
19.644,1.2,0.6,8.00880372
19.679,1.2,0.6,8.00880372
19.705,1.2,0.6,8.00880372
19.739,1.2,0.6,8.00880372
19.764,1.2,0.6,8.00880372
19.799,1.2,0.6,8.06911002
19.825,1.2,0.6,8.06911002
19.862,1.2,0.6,8.06911002
19.887,1.2,0.6,8.06911002
19.929,1.2,0.6,8.06911002
19.964,1.2,0.6,8.14143534
20.007,1.2,0.6,8.14143534
20.042,1.2,0.6,8.14143534
20.083,1.2,0.6,8.21371458
20.124,1.2,0.6,8.21371458
20.163,1.2,0.6,8.21371458
20.202,1.2,0.6,8.27391208
20.242,1.2,0.6,8.27391208
20.283,1.2,0.6,8.27391208
20.324,1.2,0.6,8.34610684
20.363,1.2,0.6,8.418255519999999
20.404,1.2,0.6,8.418255519999999
20.444,1.2,0.6,8.47834422
20.487,1.2,0.6,8.47834422
20.528,1.2,0.6,8.47834422
20.57,1.2,0.6,8.55040842
20.611,1.2,0.6,8.55040842
20.65,1.2,0.6,8.55040842
20.69,1.2,0.6,8.55040842
20.73,1.2,0.6,8.55040842
20.772,1.2,0.6,8.55040842
20.812,1.2,0.6,8.55040842
20.852,1.2,0.6,8.61042672
20.893,1.2,0.6,8.61042672
20.932,1.2,0.6,8.61042672
20.971,1.2,0.6,8.61042672
21.009,1.2,0.6,8.68240644
21.046,1.2,0.6,8.68240644
21.1,1.2,0.6,8.68240644
21.125,1.2,0.6,8.68240644
21.163,1.2,0.6,8.754340079999999
21.19,1.2,0.6,8.754340079999999
21.232,1.2,0.6,8.754340079999999
21.276,1.2,0.6,8.81424958
21.318,1.2,0.6,8.81424958
21.354,1.2,0.6,8.81424958
21.378,1.2,0.6,8.81424958
21.412,1.2,0.6,8.754340079999999
21.436,1.2,0.6,8.754340079999999
21.475,1.2,0.6,8.81424958
21.511,1.2,0.6,8.754340079999999
21.536,1.2,0.6,8.81424958
21.573,1.2,0.6,8.81424958
21.596,1.2,0.6,8.81424958
21.631,1.2,0.6,8.81424958
21.656,1.2,0.6,8.81424958
21.69,1.2,0.6,8.81424958
21.715,1.2,0.6,8.81424958
21.756,1.2,0.6,8.81424958
21.792,1.2,0.6,8.81424958
21.834,1.2,0.6,8.88609874
21.869,1.2,0.6,8.88609874
21.907,1.2,0.6,8.88609874
21.929,1.2,0.6,8.88609874
21.967,1.2,0.6,8.88609874
22.007,1.2,0.6,8.957901819999998
22.047,1.2,0.6,8.88609874
22.085,1.2,0.6,8.957901819999998
22.108,1.2,0.6,8.957901819999998
22.143,1.2,0.6,9.01770252
22.182,1.2,0.6,9.01770252
22.206,1.2,0.6,9.01770252
22.243,1.2,0.6,9.01770252
22.289,1.2,0.6,9.01770252
22.313,1.2,0.6,9.01770252
22.353,1.2,0.6,9.08942112
22.392,1.2,0.6,9.01770252
22.431,1.2,0.6,9.01770252
22.47,1.2,0.6,9.08942112
22.494,1.2,0.6,9.08942112
22.528,1.2,0.6,9.08942112
22.554,1.2,0.6,9.08942112
22.632,1.2,0.6,9.14915142
22.672,1.2,0.6,9.14915142
22.712,1.2,0.6,9.14915142
22.753,1.2,0.6,9.14915142
22.794,1.2,0.6,9.14915142
22.832,1.2,0.6,9.14915142
22.89,1.2,0.6,9.14915142
22.93,1.2,0.6,9.22078554
22.968,1.2,0.6,9.22078554
22.994,1.2,0.6,9.22078554
23.029,1.2,0.6,9.22078554
23.053,1.2,0.6,9.22078554
23.075,1.2,0.6,9.22078554
23.115,1.2,0.6,9.29237358
23.152,1.2,0.6,9.29237358
23.186,1.2,0.6,9.22078554
23.222,1.2,0.6,9.22078554
23.264,1.2,0.6,9.22078554
23.303,1.2,0.6,9.22078554
23.328,1.2,0.6,9.29237358
23.364,1.2,0.6,9.29237358
23.387,1.2,0.6,9.29237358
23.422,1.2,0.6,9.29237358
23.462,1.2,0.6,9.35199508
23.485,1.2,0.6,9.35199508
23.52,1.2,0.6,9.29237358
23.557,1.2,0.6,9.29237358
23.663,1.2,0.6,9.35199508
23.707,1.2,0.6,9.35199508
23.748,1.2,0.6,9.42349864
23.789,1.2,0.6,9.42349864
23.828,1.2,0.6,9.42349864
23.872,1.2,0.6,9.42349864
23.917,1.2,0.6,9.42349864
23.96,1.2,0.6,9.42349864
24.0,1.2,0.6,9.42349864
24.04,1.2,0.6,9.42349864
24.076,1.2,0.6,9.49495612
24.111,1.2,0.6,9.49495612
24.146,1.2,0.6,9.49495612
24.186,1.2,0.6,9.49495612
24.221,1.2,0.6,9.49495612
24.258,1.2,0.6,9.49495612
24.301,1.2,0.6,9.49495612
24.34,1.2,0.6,9.55446882
24.381,1.2,0.6,9.55446882
24.418,1.2,0.6,9.55446882
24.452,1.2,0.6,9.55446882
24.476,1.2,0.6,9.55446882
24.51,1.2,0.6,9.55446882
24.552,1.2,0.6,9.55446882
24.594,1.2,0.6,9.62584182
24.633,1.2,0.6,9.62584182
24.675,1.2,0.6,9.55446882
24.714,1.2,0.6,9.62584182
24.738,1.2,0.6,9.62584182
24.779,1.2,0.6,9.55446882
24.816,1.2,0.6,9.55446882
24.853,1.2,0.6,9.55446882
24.889,1.2,0.6,9.62584182
24.928,1.2,0.6,9.62584182
24.972,1.2,0.6,9.62584182
25.014,1.2,0.6,9.62584182
25.056,1.2,0.6,9.62584182
25.091,1.2,0.6,9.62584182
25.116,1.2,0.6,9.62584182
25.152,1.2,0.6,9.62584182
25.173,1.2,0.6,9.68528412
25.209,1.2,0.6,9.68528412
25.231,1.2,0.6,9.68528412
25.265,1.2,0.6,9.68528412
25.289,1.2,0.6,9.68528412
25.323,1.2,0.6,9.68528412
25.362,1.2,0.6,9.75657264
25.385,1.2,0.6,9.68528412
25.422,1.2,0.6,9.68528412
25.465,1.2,0.6,9.68528412
25.504,1.2,0.6,9.68528412
25.526,1.2,0.6,9.68528412
25.562,1.2,0.6,9.68528412
25.586,1.2,0.6,9.68528412
25.625,1.2,0.6,9.68528412
25.659,1.2,0.6,9.68528412
25.681,1.2,0.6,9.68528412
25.718,1.2,0.6,9.68528412
25.76,1.2,0.6,9.68528412
25.799,1.2,0.6,9.75657264
25.822,1.2,0.6,9.75657264
25.864,1.2,0.6,9.75657264
25.887,1.2,0.6,9.75657264
25.908,1.2,0.6,9.75657264
25.943,1.2,0.6,9.75657264
25.968,1.2,0.6,9.75657264
26.008,1.2,0.6,9.75657264
26.048,1.2,0.6,9.75657264
26.088,1.2,0.6,9.82781508
26.126,1.2,0.6,9.82781508
26.166,1.2,0.6,9.82781508
26.208,1.2,0.6,9.82781508
26.249,1.2,0.6,9.82781508
26.289,1.2,0.6,9.82781508
26.327,1.2,0.6,9.88714858
26.367,1.2,0.6,9.88714858
26.406,1.2,0.6,9.88714858
26.444,1.2,0.6,9.88714858
26.483,1.2,0.6,9.88714858
26.526,1.2,0.6,9.88714858
26.56,1.2,0.6,9.88714858
26.586,1.2,0.6,9.88714858
26.625,1.2,0.6,9.95830654
26.666,1.2,0.6,9.88714858
26.706,1.2,0.6,9.88714858
26.745,1.2,0.6,9.95830654
26.784,1.2,0.6,9.88714858
26.824,1.2,0.6,9.88714858
26.859,1.2,0.6,9.88714858
26.885,1.2,0.6,9.95830654
26.928,1.2,0.6,9.88714858
26.967,1.2,0.6,9.88714858
27.007,1.2,0.6,9.95830654
27.046,1.2,0.6,9.95830654
27.084,1.2,0.6,9.95830654
27.124,1.2,0.6,9.95830654
27.163,1.2,0.6,9.95830654
27.209,1.2,0.6,9.95830654
27.25,1.2,0.6,9.88714858
27.295,1.2,0.6,9.95830654
27.334,1.2,0.6,9.95830654
27.374,1.2,0.6,9.95830654
27.415,1.2,0.6,9.95830654
27.454,1.2,0.6,9.95830654
27.492,1.2,0.6,9.95830654
27.533,1.2,0.6,10.02941842
27.577,1.2,0.6,9.95830654
27.619,1.2,0.6,9.95830654
27.658,1.2,0.6,9.95830654
27.703,1.2,0.6,9.95830654
27.744,1.2,0.6,10.02941842
27.78,1.2,0.6,10.02941842
27.819,1.2,0.6,10.02941842
27.853,1.2,0.6,10.02941842
27.892,1.2,0.6,10.02941842
27.916,1.2,0.6,10.02941842
27.952,1.2,0.6,10.02941842
27.995,1.2,0.6,10.08864312
28.023,1.2,0.6,10.02941842
28.062,1.2,0.6,10.02941842
28.083,1.2,0.6,10.08864312
28.118,1.2,0.6,10.02941842
28.141,1.2,0.6,10.02941842
28.177,1.2,0.6,10.08864312
28.2,1.2,0.6,10.02941842
28.234,1.2,0.6,10.08864312
28.273,1.2,0.6,10.08864312
28.32,1.2,0.6,10.02941842
28.36,1.2,0.6,10.08864312
28.396,1.2,0.6,10.08864312
28.434,1.2,0.6,10.08864312
28.473,1.2,0.6,10.08864312
28.514,1.2,0.6,10.15967052
28.534,1.2,0.6,10.15967052
28.57,1.2,0.6,10.15967052
28.593,1.2,0.6,10.15967052
28.631,1.2,0.6,10.15967052
28.667,1.2,0.6,10.15967052
28.709,1.2,0.6,10.15967052
28.749,1.2,0.6,10.15967052
28.79,1.2,0.6,10.15967052
28.831,1.2,0.6,10.21882482
28.854,1.2,0.6,10.15967052
28.888,1.2,0.6,10.21882482
28.911,1.2,0.6,10.21882482
28.945,1.2,0.6,10.15967052
28.984,1.2,0.6,10.21882482
29.023,1.2,0.6,10.15967052
29.062,1.2,0.6,10.15967052
29.085,1.2,0.6,10.21882482
29.12,1.2,0.6,10.15967052
29.144,1.2,0.6,10.15967052
29.178,1.2,0.6,10.21882482
29.204,1.2,0.6,10.21882482
29.225,1.2,0.6,10.15967052
29.259,1.2,0.6,10.21882482
29.282,1.2,0.6,10.21882482
29.303,1.2,0.6,10.21882482
29.338,1.2,0.6,10.21882482
29.363,1.2,0.6,10.21882482
29.401,1.2,0.6,10.21882482
29.445,1.2,0.6,10.15967052
29.487,1.2,0.6,10.21882482
29.524,1.2,0.6,10.21882482
29.547,1.2,0.6,10.21882482
29.583,1.2,0.6,10.21882482
29.607,1.2,0.6,10.21882482
29.628,1.2,0.6,10.21882482
29.668,1.2,0.6,10.21882482
29.708,1.2,0.6,10.21882482
29.748,1.2,0.6,10.21882482
29.79,1.2,0.6,10.15967052
29.832,1.2,0.6,10.15967052
29.876,1.2,0.6,10.15967052
29.919,1.2,0.6,10.21882482
29.959,1.2,0.6,10.21882482
30.0,1.2,0.6,10.21882482
30.037,1.2,0.6,10.21882482
30.072,1.2,0.6,10.21882482
30.11,1.2,0.6,10.21882482
30.149,1.2,0.6,10.289767739999998
30.19,1.2,0.6,10.289767739999998
30.224,1.2,0.6,10.289767739999998
30.25,1.2,0.6,10.21882482
30.284,1.2,0.6,10.289767739999998
30.309,1.2,0.6,10.289767739999998
30.349,1.2,0.6,10.289767739999998
30.387,1.2,0.6,10.21882482
30.422,1.2,0.6,10.21882482
30.444,1.2,0.6,10.289767739999998
30.478,1.2,0.6,10.289767739999998
30.517,1.2,0.6,10.289767739999998
30.558,1.2,0.6,10.289767739999998
30.598,1.2,0.6,10.36066458
30.642,1.2,0.6,10.36066458
30.683,1.2,0.6,10.36066458
30.705,1.2,0.6,10.36066458
30.74,1.2,0.6,10.36066458
30.768,1.2,0.6,10.36066458
30.808,1.2,0.6,10.36066458
30.844,1.2,0.6,10.36066458
30.868,1.2,0.6,10.36066458
30.91,1.2,0.6,10.36066458
30.95,1.2,0.6,10.36066458
30.991,1.2,0.6,10.36066458
31.031,1.2,0.6,10.41971008
31.075,1.2,0.6,10.36066458
31.115,1.2,0.6,10.36066458
31.157,1.2,0.6,10.36066458
31.197,1.2,0.6,10.41971008
31.233,1.2,0.6,10.36066458
31.269,1.2,0.6,10.41971008
31.309,1.2,0.6,10.41971008
31.347,1.2,0.6,10.41971008
31.383,1.2,0.6,10.41971008
31.408,1.2,0.6,10.36066458
31.45,1.2,0.6,10.41971008
31.484,1.2,0.6,10.41971008
31.51,1.2,0.6,10.41971008
31.548,1.2,0.6,10.41971008
31.584,1.2,0.6,10.289767739999998
31.607,1.2,0.6,10.36066458
31.642,1.2,0.6,10.41971008
31.666,1.2,0.6,10.36066458
31.701,1.2,0.6,10.41971008
31.738,1.2,0.6,10.41971008
31.763,1.2,0.6,10.41971008
31.802,1.2,0.6,10.41971008
31.845,1.2,0.6,10.41971008
31.883,1.2,0.6,10.41971008
31.906,1.2,0.6,10.41971008
31.941,1.2,0.6,10.49052244
31.965,1.2,0.6,10.41971008
31.999,1.2,0.6,10.41971008
32.024,1.2,0.6,10.41971008
32.064,1.2,0.6,10.41971008
32.104,1.2,0.6,10.41971008
32.144,1.2,0.6,10.49052244
32.185,1.2,0.6,10.49052244
32.225,1.2,0.6,10.49052244
32.271,1.2,0.6,10.49052244
32.312,1.2,0.6,10.56128872
32.352,1.2,0.6,10.56128872
32.392,1.2,0.6,10.56128872
32.43,1.2,0.6,10.56128872
32.47,1.2,0.6,10.49052244
32.51,1.2,0.6,10.56128872
32.551,1.2,0.6,10.62022542
32.591,1.2,0.6,10.62022542
32.63,1.2,0.6,10.62022542
32.669,1.2,0.6,10.62022542
32.71,1.2,0.6,10.62022542
32.749,1.2,0.6,10.62022542
32.788,1.2,0.6,10.69090722
32.823,1.2,0.6,10.69090722
32.847,1.2,0.6,10.62022542
32.882,1.2,0.6,10.69090722
32.906,1.2,0.6,10.69090722
32.943,1.2,0.6,10.69090722
32.965,1.2,0.6,10.74977352
33.0,1.2,0.6,10.69090722
33.023,1.2,0.6,10.69090722
33.059,1.2,0.6,10.69090722
33.083,1.2,0.6,10.69090722
33.117,1.2,0.6,10.69090722
33.141,1.2,0.6,10.62022542
33.178,1.2,0.6,10.62022542
33.205,1.2,0.6,10.62022542
33.245,1.2,0.6,10.69090722
33.269,1.2,0.6,10.62022542
33.306,1.2,0.6,10.69090722
33.329,1.2,0.6,10.69090722
33.364,1.2,0.6,10.69090722
33.389,1.2,0.6,10.69090722
33.424,1.2,0.6,10.69090722
33.448,1.2,0.6,10.69090722
33.482,1.2,0.6,10.69090722
33.506,1.2,0.6,10.69090722
33.546,1.2,0.6,10.74977352
33.585,1.2,0.6,10.69090722
33.623,1.2,0.6,10.69090722
33.665,1.2,0.6,10.69090722
33.706,1.2,0.6,10.74977352
33.747,1.2,0.6,10.74977352
33.787,1.2,0.6,10.69090722
33.827,1.2,0.6,10.82037084
33.863,1.2,0.6,10.74977352
33.9,1.2,0.6,10.74977352
33.941,1.2,0.6,10.82037084
33.981,1.2,0.6,10.74977352
34.022,1.2,0.6,10.82037084
34.066,1.2,0.6,10.82037084
34.106,1.2,0.6,10.89092208
34.149,1.2,0.6,10.89092208
34.187,1.2,0.6,10.89092208
34.225,1.2,0.6,10.94967958
34.266,1.2,0.6,10.89092208
34.306,1.2,0.6,10.82037084
34.346,1.2,0.6,10.94967958
34.387,1.2,0.6,10.62022542
34.426,1.2,0.6,11.14921572
34.469,1.2,0.6,10.82037084
34.514,1.2,0.6,11.02014634
34.554,1.2,0.6,11.02014634
34.595,1.2,0.6,10.94967958
34.633,1.2,0.6,10.94967958
34.672,1.2,0.6,10.94967958
34.711,1.2,0.6,10.89092208
34.751,1.2,0.6,11.02014634
34.792,1.2,0.6,11.02014634
34.836,1.2,0.6,10.94967958
34.882,1.2,0.6,11.09056702
34.925,1.2,0.6,11.02014634
34.964,1.2,0.6,11.09056702
35.004,1.2,0.6,11.09056702
35.038,1.2,0.6,11.09056702
35.073,1.2,0.6,11.09056702
35.097,1.2,0.6,11.09056702
35.133,1.2,0.6,11.09056702
35.155,1.2,0.6,11.02014634
35.191,1.2,0.6,11.09056702
35.215,1.2,0.6,11.09056702
35.252,1.2,0.6,11.09056702
35.274,1.2,0.6,11.14921572
35.309,1.2,0.6,11.14921572
35.333,1.2,0.6,11.14921572
35.368,1.2,0.6,11.14921572
35.393,1.2,0.6,11.09056702
35.43,1.2,0.6,11.09056702
35.454,1.2,0.6,11.09056702
35.49,1.2,0.6,11.09056702
35.513,1.2,0.6,11.14921572
35.551,1.2,0.6,11.14921572
35.589,1.2,0.6,11.14921572
35.627,1.2,0.6,11.14921572
35.665,1.2,0.6,11.14921572
35.706,1.2,0.6,11.14921572
35.749,1.2,0.6,11.21955192
35.792,1.2,0.6,11.21955192
35.814,1.2,0.6,11.21955192
35.855,1.2,0.6,11.21955192
35.878,1.2,0.6,11.21955192
35.918,1.2,0.6,11.21955192
35.939,1.2,0.6,11.27813022
35.982,1.2,0.6,11.27813022
36.005,1.2,0.6,11.27813022
36.046,1.2,0.6,11.21955192
36.067,1.2,0.6,11.21955192
36.106,1.2,0.6,11.27813022
36.126,1.2,0.6,11.21955192
36.161,1.2,0.6,11.21955192
36.184,1.2,0.6,11.27813022
36.205,1.2,0.6,11.27813022
36.243,1.2,0.6,11.27813022
36.264,1.2,0.6,11.27813022
36.3,1.2,0.6,11.27813022
36.341,1.2,0.6,11.27813022
36.383,1.2,0.6,11.21955192
36.424,1.2,0.6,11.27813022
36.467,1.2,0.6,11.27813022
36.504,1.2,0.6,11.21955192
36.541,1.2,0.6,11.41858758
36.562,1.2,0.6,11.34838194
36.598,1.2,0.6,11.21955192
36.62,1.2,0.6,11.21955192
36.654,1.2,0.6,11.34838194
36.692,1.2,0.6,11.27813022
36.728,1.2,0.6,11.34838194
36.767,1.2,0.6,11.34838194
36.809,1.2,0.6,11.41858758
36.85,1.2,0.6,11.41858758
36.891,1.2,0.6,11.34838194
36.931,1.2,0.6,11.27813022
36.971,1.2,0.6,11.27813022
37.008,1.2,0.6,11.27813022
37.047,1.2,0.6,11.34838194
37.082,1.2,0.6,11.34838194
37.122,1.2,0.6,11.34838194
37.161,1.2,0.6,11.34838194
37.203,1.2,0.6,11.34838194
37.224,1.2,0.6,11.34838194
37.263,1.2,0.6,11.41858758
37.287,1.2,0.6,11.34838194
37.331,1.2,0.6,11.47705708
37.374,1.2,0.6,11.41858758
37.409,1.2,0.6,11.41858758
37.436,1.2,0.6,11.41858758
37.481,1.2,0.6,11.41858758
37.519,1.2,0.6,11.41858758
37.542,1.2,0.6,11.41858758
37.577,1.2,0.6,11.41858758
37.6,1.2,0.6,11.41858758
37.635,1.2,0.6,11.41858758
37.66,1.2,0.6,11.41858758
37.697,1.2,0.6,11.41858758
37.723,1.2,0.6,11.41858758
37.764,1.2,0.6,11.41858758
37.808,1.2,0.6,11.41858758
37.854,1.2,0.6,11.47705708
37.896,1.2,0.6,11.47705708
37.937,1.2,0.6,11.47705708
37.975,1.2,0.6,11.47705708
38.011,1.2,0.6,11.47705708
38.045,1.2,0.6,11.47705708
38.068,1.2,0.6,11.54717824
38.104,1.2,0.6,11.47705708
38.14,1.2,0.6,11.54717824
38.18,1.2,0.6,11.41858758
38.221,1.2,0.6,11.47705708
38.261,1.2,0.6,11.41858758
38.285,1.2,0.6,11.41858758
38.32,1.2,0.6,11.41858758
38.36,1.2,0.6,11.54717824
38.396,1.2,0.6,11.61725332
38.431,1.2,0.6,11.61725332
38.472,1.2,0.6,11.61725332
38.493,1.2,0.6,11.54717824
38.529,1.2,0.6,11.54717824
38.571,1.2,0.6,11.54717824
38.61,1.2,0.6,11.54717824
38.633,1.2,0.6,11.54717824
38.668,1.2,0.6,11.47705708
38.691,1.2,0.6,11.54717824
38.733,1.2,0.6,11.47705708
38.772,1.2,0.6,11.54717824
38.809,1.2,0.6,11.54717824
38.849,1.2,0.6,11.47705708
38.89,1.2,0.6,11.61725332
38.932,1.2,0.6,11.61725332
38.973,1.2,0.6,11.54717824
39.016,1.2,0.6,11.61725332
39.06,1.2,0.6,11.54717824
39.083,1.2,0.6,11.54717824
39.118,1.2,0.6,11.54717824
39.14,1.2,0.6,11.61725332
39.161,1.2,0.6,11.54717824
39.198,1.2,0.6,11.54717824
39.233,1.2,0.6,11.54717824
39.257,1.2,0.6,11.54717824
39.293,1.2,0.6,11.54717824
39.317,1.2,0.6,11.47705708
39.339,1.2,0.6,11.54717824
39.378,1.2,0.6,11.61725332
39.414,1.2,0.6,11.54717824
39.44,1.2,0.6,11.61725332
39.478,1.2,0.6,11.67561402
39.505,1.2,0.6,11.47705708
39.546,1.2,0.6,11.41858758
39.571,1.2,0.6,11.61725332
39.614,1.2,0.6,11.47705708
39.649,1.2,0.6,11.54717824
39.671,1.2,0.6,11.67561402
39.709,1.2,0.6,11.61725332
39.731,1.2,0.6,11.61725332
39.766,1.2,0.6,11.61725332
39.789,1.2,0.6,11.61725332
39.823,1.2,0.6,11.47705708
39.861,1.2,0.6,11.61725332
39.897,1.2,0.6,11.54717824
39.938,1.2,0.6,11.61725332
39.977,1.2,0.6,11.54717824
39.997,1.2,0.6,11.54717824
40.035,1.2,0.6,11.61725332
40.055,1.2,0.6,11.61725332
40.097,1.2,0.6,11.54717824
40.137,1.2,0.6,11.61725332
40.159,1.2,0.6,11.54717824
40.194,1.2,0.6,11.54717824
40.229,1.2,0.6,11.54717824
40.263,1.2,0.6,11.67561402
40.297,1.2,0.6,11.74560462
40.322,1.2,0.6,11.54717824
40.359,1.2,0.6,11.61725332
40.393,1.2,0.6,11.54717824
40.418,1.2,0.6,11.61725332
40.463,1.2,0.6,11.61725332
40.51,1.2,0.6,11.61725332
40.555,1.2,0.6,11.61725332
40.592,1.2,0.6,11.61725332
40.633,1.2,0.6,11.61725332
40.674,1.2,0.6,11.54717824
40.697,1.2,0.6,11.61725332
40.736,1.2,0.6,11.67561402
40.774,1.2,0.6,11.54717824
40.816,1.2,0.6,11.67561402
40.838,1.2,0.6,11.61725332
40.878,1.2,0.6,11.54717824
40.921,1.2,0.6,11.61725332
40.965,1.2,0.6,11.54717824
41.006,1.2,0.6,11.54717824
41.028,1.2,0.6,11.54717824
41.072,1.2,0.6,11.61725332
41.109,1.2,0.6,11.61725332
41.147,1.2,0.6,11.61725332
41.181,1.2,0.6,11.67561402
41.218,1.2,0.6,11.67561402
41.241,1.2,0.6,11.67561402
41.28,1.2,0.6,11.67561402
41.305,1.2,0.6,11.67561402
41.339,1.2,0.6,11.67561402
41.366,1.2,0.6,11.61725332
41.402,1.2,0.6,11.67561402
41.441,1.2,0.6,11.74560462
41.467,1.2,0.6,11.67561402
41.502,1.2,0.6,11.67561402
41.543,1.2,0.6,11.61725332
41.582,1.2,0.6,11.61725332
41.622,1.2,0.6,11.61725332
41.662,1.2,0.6,11.61725332
41.701,1.2,0.6,11.61725332
41.737,1.2,0.6,11.61725332
41.758,1.2,0.6,11.61725332
41.797,1.2,0.6,11.67561402
41.837,1.2,0.6,11.67561402
41.878,1.2,0.6,11.67561402
41.918,1.2,0.6,11.61725332
41.957,1.2,0.6,11.67561402
41.998,1.2,0.6,11.67561402
42.037,1.2,0.6,11.74560462
42.079,1.2,0.6,11.61725332
42.122,1.2,0.6,11.67561402
42.163,1.2,0.6,11.67561402
42.203,1.2,0.6,11.61725332
42.244,1.2,0.6,11.67561402
42.287,1.2,0.6,11.67561402
42.328,1.2,0.6,11.67561402
42.366,1.2,0.6,11.67561402
42.405,1.2,0.6,11.67561402
42.443,1.2,0.6,11.67561402
42.483,1.2,0.6,11.61725332
42.522,1.2,0.6,11.67561402
42.559,1.2,0.6,11.67561402
42.598,1.2,0.6,11.67561402
42.637,1.2,0.6,11.74560462
42.672,1.2,0.6,11.74560462
42.711,1.2,0.6,11.67561402
42.752,1.2,0.6,11.67561402
42.795,1.2,0.6,11.74560462
42.831,1.2,0.6,11.74560462
42.868,1.2,0.6,11.74560462
42.91,1.2,0.6,11.67561402
42.948,1.2,0.6,11.67561402
42.989,1.2,0.6,11.67561402
43.029,1.2,0.6,11.67561402
43.071,1.2,0.6,11.67561402
43.112,1.2,0.6,11.67561402
43.151,1.2,0.6,11.74560462
43.192,1.2,0.6,11.74560462
43.231,1.2,0.6,11.74560462
43.252,1.2,0.6,11.74560462
43.287,1.2,0.6,11.74560462
43.311,1.2,0.6,11.74560462
43.348,1.2,0.6,11.74560462
43.37,1.2,0.6,11.67561402
43.406,1.2,0.6,11.74560462
43.449,1.2,0.6,11.74560462
43.49,1.2,0.6,11.74560462
43.526,1.2,0.6,11.74560462
43.55,1.2,0.6,11.74560462
43.593,1.2,0.6,11.74560462
43.629,1.2,0.6,11.74560462
43.652,1.2,0.6,11.74560462
43.688,1.2,0.6,11.67561402
43.712,1.2,0.6,11.67561402
43.748,1.2,0.6,11.61725332
43.771,1.2,0.6,11.61725332
43.806,1.2,0.6,11.67561402
43.832,1.2,0.6,11.67561402
43.872,1.2,0.6,11.67561402
43.895,1.2,0.6,11.67561402
43.931,1.2,0.6,11.74560462
43.956,1.2,0.6,11.74560462
43.995,1.2,0.6,11.67561402
44.021,1.2,0.6,11.74560462
44.063,1.2,0.6,11.67561402
44.106,1.2,0.6,11.67561402
44.152,1.2,0.6,11.67561402
44.194,1.2,0.6,11.74560462
44.231,1.2,0.6,11.74560462
44.274,1.2,0.6,11.74560462
44.313,1.2,0.6,11.74560462
44.335,1.2,0.6,11.67561402
44.376,1.2,0.6,11.67561402
44.42,1.2,0.6,11.67561402
44.46,1.2,0.6,11.74560462
44.499,1.2,0.6,11.74560462
44.52,1.2,0.6,11.74560462
44.554,1.2,0.6,11.74560462
44.576,1.2,0.6,11.74560462
44.614,1.2,0.6,11.74560462
44.636,1.2,0.6,11.74560462
44.672,1.2,0.6,11.74560462
44.712,1.2,0.6,11.74560462
44.746,1.2,0.6,11.74560462
44.781,1.2,0.6,11.80389492
44.817,1.2,0.6,11.80389492
44.851,1.2,0.6,11.74560462
44.874,1.2,0.6,11.74560462
44.913,1.2,0.6,11.80389492
44.947,1.2,0.6,11.74560462
44.971,1.2,0.6,11.74560462
45.005,1.2,0.6,11.74560462
45.026,1.2,0.6,11.80389492
45.047,1.2,0.6,11.80389492
45.082,1.2,0.6,11.80389492
45.117,1.2,0.6,11.80389492
45.158,1.2,0.6,11.80389492
45.196,1.2,0.6,11.80389492
45.236,1.2,0.6,11.74560462
45.258,1.2,0.6,11.74560462
45.293,1.2,0.6,11.74560462
45.317,1.2,0.6,11.80389492
45.354,1.2,0.6,11.80389492
45.375,1.2,0.6,11.74560462
45.412,1.2,0.6,11.74560462
45.437,1.2,0.6,11.80389492
45.479,1.2,0.6,11.80389492
45.521,1.2,0.6,11.80389492
45.565,1.2,0.6,11.80389492
45.586,1.2,0.6,11.80389492
45.623,1.2,0.6,11.80389492
45.645,1.2,0.6,11.80389492
45.686,1.2,0.6,11.80389492
45.727,1.2,0.6,11.80389492
45.771,1.2,0.6,11.80389492
45.812,1.2,0.6,11.80389492
45.854,1.2,0.6,11.80389492
45.894,1.2,0.6,11.74560462
45.937,1.2,0.6,11.80389492
45.959,1.2,0.6,11.80389492
46.0,1.2,0.6,11.87380104
46.022,1.2,0.6,11.80389492
46.059,1.2,0.6,11.80389492
46.08,1.2,0.6,11.80389492
46.121,1.2,0.6,11.80389492
46.163,1.2,0.6,11.74560462
46.205,1.2,0.6,11.74560462
46.246,1.2,0.6,11.80389492
46.288,1.2,0.6,11.80389492
46.33,1.2,0.6,11.80389492
46.371,1.2,0.6,11.80389492
46.409,1.2,0.6,11.80389492
46.429,1.2,0.6,11.80389492
46.464,1.2,0.6,11.80389492
46.489,1.2,0.6,11.80389492
46.531,1.2,0.6,11.87380104
46.553,1.2,0.6,11.80389492
46.589,1.2,0.6,11.74560462
46.612,1.2,0.6,11.74560462
46.65,1.2,0.6,11.80389492
46.692,1.2,0.6,11.87380104
46.732,1.2,0.6,11.80389492
46.775,1.2,0.6,11.80389492
46.814,1.2,0.6,11.80389492
46.851,1.2,0.6,11.80389492
46.892,1.2,0.6,11.80389492
46.928,1.2,0.6,11.80389492
46.966,1.2,0.6,11.80389492
47.004,1.2,0.6,11.80389492
47.038,1.2,0.6,11.80389492
47.061,1.2,0.6,11.80389492
47.098,1.2,0.6,11.80389492
47.138,1.2,0.6,11.87380104
47.174,1.2,0.6,11.87380104
47.195,1.2,0.6,11.87380104
47.234,1.2,0.6,11.80389492
47.255,1.2,0.6,11.87380104
47.293,1.2,0.6,11.80389492
47.331,1.2,0.6,11.80389492
47.369,1.2,0.6,11.80389492
47.392,1.2,0.6,11.80389492
47.429,1.2,0.6,11.80389492
47.466,1.2,0.6,11.87380104
47.491,1.2,0.6,11.87380104
47.528,1.2,0.6,11.87380104
47.563,1.2,0.6,11.87380104
47.584,1.2,0.6,11.87380104
47.623,1.2,0.6,11.80389492
47.661,1.2,0.6,11.87380104
47.702,1.2,0.6,11.80389492
47.743,1.2,0.6,11.87380104
47.785,1.2,0.6,11.87380104
47.825,1.2,0.6,11.87380104
47.847,1.2,0.6,11.87380104
47.883,1.2,0.6,11.80389492
47.907,1.2,0.6,11.80389492
47.928,1.2,0.6,11.87380104
47.965,1.2,0.6,11.87380104
47.987,1.2,0.6,11.80389492
48.028,1.2,0.6,11.80389492
48.066,1.2,0.6,11.87380104
48.086,1.2,0.6,11.94366108
48.125,1.2,0.6,11.87380104
48.166,1.2,0.6,11.87380104
48.203,1.2,0.6,11.87380104
48.227,1.2,0.6,11.87380104
48.268,1.2,0.6,11.87380104
48.31,1.2,0.6,11.87380104
48.348,1.2,0.6,11.87380104
48.389,1.2,0.6,11.87380104
48.427,1.2,0.6,11.87380104
48.468,1.2,0.6,11.87380104
48.51,1.2,0.6,11.87380104
48.551,1.2,0.6,11.87380104
48.589,1.2,0.6,11.87380104
48.625,1.2,0.6,11.87380104
48.665,1.2,0.6,11.87380104
48.703,1.2,0.6,11.87380104
48.741,1.2,0.6,11.94366108
48.783,1.2,0.6,11.87380104
48.818,1.2,0.6,11.80389492
48.842,1.2,0.6,11.87380104
48.877,1.2,0.6,11.87380104
48.902,1.2,0.6,11.87380104
48.942,1.2,0.6,11.80389492
48.978,1.2,0.6,11.87380104
49.003,1.2,0.6,11.87380104
49.043,1.2,0.6,11.87380104
49.077,1.2,0.6,11.80389492
49.101,1.2,0.6,11.80389492
49.136,1.2,0.6,11.80389492
49.162,1.2,0.6,11.80389492
49.202,1.2,0.6,11.80389492
49.223,1.2,0.6,11.87380104
49.261,1.2,0.6,11.87380104
49.286,1.2,0.6,11.87380104
49.327,1.2,0.6,11.94366108
49.369,1.2,0.6,11.94366108
49.411,1.2,0.6,11.87380104
49.452,1.2,0.6,11.87380104
49.495,1.2,0.6,11.87380104
49.536,1.2,0.6,11.67561402
49.58,1.2,0.6,11.74560462
49.622,1.2,0.6,11.80389492
49.669,1.2,0.6,11.80389492
49.711,1.2,0.6,11.87380104
49.752,1.2,0.6,11.87380104
49.793,1.2,0.6,11.87380104
49.832,1.2,0.6,11.87380104
49.875,1.2,0.6,11.80389492
49.921,1.2,0.6,11.80389492
49.959,1.2,0.6,11.80389492
49.994,1.2,0.6,11.74560462
50.016,1.2,0.6,11.74560462
50.058,1.2,0.6,11.80389492
50.08,1.2,0.6,11.74560462
50.117,1.2,0.6,11.74560462
50.156,1.2,0.6,11.80389492
50.198,1.2,0.6,11.80389492
50.238,1.2,0.6,11.87380104
50.277,1.2,0.6,11.87380104
50.314,1.2,0.6,11.94366108
50.35,1.2,0.6,11.94366108
50.373,1.2,0.6,11.87380104
50.411,1.2,0.6,11.87380104
50.434,1.2,0.6,11.87380104
50.47,1.2,0.6,11.87380104
50.492,1.2,0.6,11.87380104
50.53,1.2,0.6,11.87380104
50.552,1.2,0.6,11.87380104
50.589,1.2,0.6,11.80389492
50.613,1.2,0.6,11.80389492
50.645,1.2,0.6,11.80389492
50.686,1.2,0.6,11.87380104
50.728,1.2,0.6,11.87380104
50.75,1.2,0.6,11.80389492
50.787,1.2,0.6,11.87380104
50.825,1.2,0.6,11.80389492
50.868,1.2,0.6,11.87380104
50.904,1.2,0.6,11.94366108
50.941,1.2,0.6,11.94366108
50.98,1.2,0.6,11.87380104
51.022,1.2,0.6,11.87380104
51.045,1.2,0.6,11.87380104
51.08,1.2,0.6,11.87380104
51.102,1.2,0.6,11.87380104
51.136,1.2,0.6,11.94366108
51.158,1.2,0.6,11.94366108
51.18,1.2,0.6,11.94366108
51.216,1.2,0.6,11.87380104
51.238,1.2,0.6,11.94366108
51.258,1.2,0.6,11.94366108
51.298,1.2,0.6,11.94366108
51.336,1.2,0.6,11.87380104
51.357,1.2,0.6,11.87380104
51.397,1.2,0.6,11.94366108
51.436,1.2,0.6,11.94366108
51.474,1.2,0.6,11.94366108
51.513,1.2,0.6,11.94366108
51.551,1.2,0.6,11.87380104
51.588,1.2,0.6,11.87380104
51.626,1.2,0.6,11.87380104
51.666,1.2,0.6,11.87380104
51.706,1.2,0.6,11.94366108
51.745,1.2,0.6,12.00184258
51.788,1.2,0.6,12.00184258
51.828,1.2,0.6,11.94366108
51.867,1.2,0.6,11.87380104
51.906,1.2,0.6,11.94366108
51.945,1.2,0.6,11.94366108
51.982,1.2,0.6,11.94366108
52.02,1.2,0.6,11.94366108
52.043,1.2,0.6,11.94366108
52.079,1.2,0.6,11.94366108
52.103,1.2,0.6,11.94366108
52.141,1.2,0.6,11.94366108
52.163,1.2,0.6,11.87380104
52.198,1.2,0.6,11.94366108
52.221,1.2,0.6,12.00184258
52.263,1.2,0.6,12.00184258
52.302,1.2,0.6,11.94366108
52.343,1.2,0.6,12.00184258
52.38,1.2,0.6,12.00184258
52.419,1.2,0.6,11.94366108
52.455,1.2,0.6,11.94366108
52.479,1.2,0.6,11.94366108
52.515,1.2,0.6,11.94366108
52.54,1.2,0.6,11.94366108
52.582,1.2,0.6,12.00184258
52.622,1.2,0.6,12.00184258
52.665,1.2,0.6,12.00184258
52.708,1.2,0.6,11.94366108
52.751,1.2,0.6,11.94366108
52.793,1.2,0.6,12.00184258
52.836,1.2,0.6,12.07161814
52.877,1.2,0.6,12.00184258
52.917,1.2,0.6,12.00184258
52.959,1.2,0.6,12.00184258
53.001,1.2,0.6,12.00184258
53.041,1.2,0.6,12.00184258
53.065,1.2,0.6,12.00184258
53.1,1.2,0.6,12.00184258
53.124,1.2,0.6,12.07161814
53.16,1.2,0.6,12.00184258
53.199,1.2,0.6,12.00184258
53.238,1.2,0.6,12.00184258
53.277,1.2,0.6,12.07161814
53.314,1.2,0.6,12.00184258
53.339,1.2,0.6,12.00184258
53.376,1.2,0.6,12.07161814
53.415,1.2,0.6,12.00184258
53.438,1.2,0.6,12.00184258
53.473,1.2,0.6,12.07161814
53.516,1.2,0.6,12.00184258
53.555,1.2,0.6,12.00184258
53.597,1.2,0.6,12.00184258
53.635,1.2,0.6,12.00184258
53.675,1.2,0.6,12.00184258
53.716,1.2,0.6,12.07161814
53.756,1.2,0.6,12.14134762
53.795,1.2,0.6,12.00184258
53.833,1.2,0.6,12.00184258
53.872,1.2,0.6,12.07161814
53.908,1.2,0.6,11.94366108
53.932,1.2,0.6,12.00184258
53.968,1.2,0.6,12.07161814
54.009,1.2,0.6,12.00184258
54.054,1.2,0.6,12.00184258
54.077,1.2,0.6,12.00184258
54.113,1.2,0.6,12.00184258
54.154,1.2,0.6,12.00184258
54.196,1.2,0.6,11.94366108
54.237,1.2,0.6,12.00184258
54.275,1.2,0.6,12.14134762
54.314,1.2,0.6,12.07161814
54.359,1.2,0.6,12.07161814
54.401,1.2,0.6,12.07161814
54.427,1.2,0.6,12.07161814
54.464,1.2,0.6,12.07161814
54.487,1.2,0.6,12.00184258
54.527,1.2,0.6,12.00184258
54.553,1.2,0.6,12.07161814
54.588,1.2,0.6,12.00184258
54.612,1.2,0.6,12.00184258
54.633,1.2,0.6,12.07161814
54.667,1.2,0.6,12.07161814
54.691,1.2,0.6,12.00184258
54.725,1.2,0.6,12.14134762
54.762,1.2,0.6,12.07161814
54.784,1.2,0.6,12.07161814
54.818,1.2,0.6,12.00184258
54.84,1.2,0.6,12.00184258
54.877,1.2,0.6,12.00184258
54.899,1.2,0.6,12.00184258
54.934,1.2,0.6,12.07161814
54.971,1.2,0.6,12.07161814
55.011,1.2,0.6,12.07161814
55.035,1.2,0.6,12.07161814
55.071,1.2,0.6,12.07161814
55.096,1.2,0.6,12.14134762
55.132,1.2,0.6,12.07161814
55.17,1.2,0.6,12.14134762
55.209,1.2,0.6,12.07161814
55.249,1.2,0.6,12.07161814
55.285,1.2,0.6,12.07161814
55.306,1.2,0.6,12.14134762
55.346,1.2,0.6,12.07161814
55.366,1.2,0.6,12.07161814
55.387,1.2,0.6,12.14134762
55.427,1.2,0.6,12.14134762
55.468,1.2,0.6,12.14134762
55.509,1.2,0.6,12.14134762
55.549,1.2,0.6,12.14134762
55.589,1.2,0.6,12.14134762
55.612,1.2,0.6,12.14134762
55.647,1.2,0.6,12.14134762
55.669,1.2,0.6,12.14134762
55.703,1.2,0.6,12.07161814
55.727,1.2,0.6,12.14134762
55.769,1.2,0.6,12.14134762
55.79,1.2,0.6,12.14134762
55.828,1.2,0.6,12.14134762
55.848,1.2,0.6,12.19942032
55.885,1.2,0.6,12.19942032
55.908,1.2,0.6,12.19942032
55.943,1.2,0.6,12.19942032
55.967,1.2,0.6,12.14134762
56.005,1.2,0.6,12.14134762
56.047,1.2,0.6,12.19942032
56.087,1.2,0.6,12.14134762
56.132,1.2,0.6,12.14134762
56.167,1.2,0.6,12.14134762
56.192,1.2,0.6,12.14134762
56.227,1.2,0.6,12.14134762
56.252,1.2,0.6,12.19942032
56.294,1.2,0.6,12.19942032
56.317,1.2,0.6,12.14134762
56.353,1.2,0.6,12.14134762
56.378,1.2,0.6,12.19942032
56.399,1.2,0.6,12.14134762
56.439,1.2,0.6,12.14134762
56.478,1.2,0.6,12.07161814
56.516,1.2,0.6,12.07161814
56.552,1.2,0.6,12.14134762
56.578,1.2,0.6,12.07161814
56.616,1.2,0.6,12.14134762
56.657,1.2,0.6,12.07161814
56.699,1.2,0.6,12.14134762
56.738,1.2,0.6,12.14134762
56.778,1.2,0.6,12.14134762
56.813,1.2,0.6,12.07161814
56.834,1.2,0.6,12.00184258
56.873,1.2,0.6,12.07161814
56.893,1.2,0.6,12.00184258
56.932,1.2,0.6,12.00184258
56.966,1.2,0.6,12.07161814
56.988,1.2,0.6,12.14134762
57.027,1.2,0.6,12.14134762
57.049,1.2,0.6,12.14134762
57.088,1.2,0.6,12.07161814
57.13,1.2,0.6,12.00184258
57.171,1.2,0.6,12.07161814
57.212,1.2,0.6,12.07161814
57.232,1.2,0.6,12.07161814
57.275,1.2,0.6,12.07161814
57.317,1.2,0.6,12.07161814
57.356,1.2,0.6,12.07161814
57.393,1.2,0.6,12.07161814
57.436,1.2,0.6,12.07161814
57.479,1.2,0.6,12.00184258
57.5,1.2,0.6,12.07161814
57.52,1.2,0.6,12.07161814
57.558,1.2,0.6,12.07161814
57.584,1.2,0.6,12.07161814
57.604,1.2,0.6,12.07161814
57.646,1.2,0.6,12.07161814
57.668,1.2,0.6,12.07161814
57.71,1.2,0.6,12.14134762
57.749,1.2,0.6,12.07161814
57.788,1.2,0.6,12.07161814
57.824,1.2,0.6,12.07161814
57.846,1.2,0.6,12.07161814
57.88,1.2,0.6,12.07161814
57.904,1.2,0.6,12.07161814
57.938,1.2,0.6,12.07161814
57.964,1.2,0.6,12.07161814
57.985,1.2,0.6,12.14134762
58.02,1.2,0.6,12.14134762
58.043,1.2,0.6,12.14134762
58.08,1.2,0.6,12.14134762
58.119,1.2,0.6,12.07161814
58.159,1.2,0.6,12.14134762
58.18,1.2,0.6,12.07161814
58.217,1.2,0.6,12.07161814
58.253,1.2,0.6,12.14134762
58.294,1.2,0.6,12.14134762
58.333,1.2,0.6,12.14134762
58.373,1.2,0.6,12.07161814
58.409,1.2,0.6,12.07161814
58.433,1.2,0.6,12.07161814
58.472,1.2,0.6,12.07161814
58.512,1.2,0.6,12.14134762
58.555,1.2,0.6,12.07161814
58.595,1.2,0.6,12.14134762
58.635,1.2,0.6,12.07161814
58.674,1.2,0.6,12.14134762
58.713,1.2,0.6,12.14134762
58.753,1.2,0.6,12.14134762
58.792,1.2,0.6,12.14134762
58.833,1.2,0.6,12.14134762
58.854,1.2,0.6,12.14134762
58.892,1.2,0.6,12.14134762
58.914,1.2,0.6,12.14134762
58.949,1.2,0.6,12.07161814
58.97,1.2,0.6,12.07161814
59.004,1.2,0.6,12.14134762
59.027,1.2,0.6,12.14134762
59.065,1.2,0.6,12.14134762
59.086,1.2,0.6,12.14134762
59.121,1.2,0.6,12.07161814
59.145,1.2,0.6,12.14134762
59.18,1.2,0.6,12.19942032
59.203,1.2,0.6,12.14134762
59.239,1.2,0.6,12.07161814
59.264,1.2,0.6,12.14134762
59.299,1.2,0.6,12.14134762
59.339,1.2,0.6,12.14134762
59.362,1.2,0.6,12.14134762
59.396,1.2,0.6,12.14134762
59.42,1.2,0.6,12.19942032
59.455,1.2,0.6,12.14134762
59.479,1.2,0.6,12.07161814
59.516,1.2,0.6,12.07161814
59.539,1.2,0.6,12.14134762
59.574,1.2,0.6,12.14134762
59.597,1.2,0.6,12.14134762
59.633,1.2,0.6,12.14134762
59.659,1.2,0.6,12.14134762
59.679,1.2,0.6,12.14134762
59.717,1.2,0.6,12.14134762
59.738,1.2,0.6,12.14134762
59.78,1.2,0.6,12.19942032
59.823,1.2,0.6,12.14134762
59.864,1.2,0.6,12.14134762
59.906,1.2,0.6,12.07161814
59.948,1.2,0.6,12.14134762
59.992,1.2,0.6,12.14134762
60.03,1.2,0.6,12.14134762
60.075,1.2,0.6,12.14134762
60.12,1.2,0.6,12.19942032
60.143,1.2,0.6,12.19942032
60.182,1.2,0.6,12.19942032
60.226,1.2,0.6,12.19942032
60.249,1.2,0.6,12.19942032
60.287,1.2,0.6,12.19942032
60.309,1.2,0.6,12.19942032
60.346,1.2,0.6,12.19942032
60.389,1.2,0.6,12.19942032
60.431,1.2,0.6,12.19942032
60.471,1.2,0.6,12.19942032
60.512,1.2,0.6,12.19942032
60.552,1.2,0.6,12.26906532
60.594,1.2,0.6,12.19942032
60.633,1.2,0.6,12.19942032
60.656,1.2,0.6,12.26906532
60.697,1.2,0.6,12.19942032
60.719,1.2,0.6,12.19942032
60.757,1.2,0.6,12.26906532
60.803,1.2,0.6,12.32706762
60.841,1.2,0.6,12.32706762
60.878,1.2,0.6,12.26906532
60.918,1.2,0.6,12.26906532
60.963,1.2,0.6,12.26906532
61.0,1.2,0.6,12.26906532
61.036,1.2,0.6,12.32706762
61.079,1.2,0.6,12.32706762
61.115,1.2,0.6,12.26906532
61.136,1.2,0.6,12.26906532
61.172,1.2,0.6,12.26906532
61.196,1.2,0.6,12.26906532
61.236,1.2,0.6,12.32706762
61.275,1.2,0.6,12.32706762
61.297,1.2,0.6,12.39662814
61.335,1.2,0.6,12.32706762
61.356,1.2,0.6,12.26906532
61.392,1.2,0.6,12.32706762
61.43,1.2,0.6,12.32706762
61.463,1.2,0.6,12.32706762
61.505,1.2,0.6,12.32706762
61.545,1.2,0.6,12.32706762
61.583,1.2,0.6,12.32706762
61.623,1.2,0.6,12.32706762
61.66,1.2,0.6,12.46614258
61.7,1.2,0.6,12.32706762
61.737,1.2,0.6,12.32706762
61.775,1.2,0.6,12.32706762
61.798,1.2,0.6,12.32706762
61.834,1.2,0.6,12.32706762
61.856,1.2,0.6,12.32706762
61.894,1.2,0.6,12.32706762
61.93,1.2,0.6,12.39662814
61.952,1.2,0.6,12.39662814
61.989,1.2,0.6,12.32706762
62.011,1.2,0.6,12.26906532
62.048,1.2,0.6,12.32706762
62.071,1.2,0.6,12.39662814
62.108,1.2,0.6,12.32706762
62.134,1.2,0.6,12.32706762
62.178,1.2,0.6,12.39662814
62.217,1.2,0.6,12.32706762
62.259,1.2,0.6,12.32706762
62.299,1.2,0.6,12.32706762
62.345,1.2,0.6,12.26906532
62.384,1.2,0.6,12.32706762
62.427,1.2,0.6,12.32706762
62.467,1.2,0.6,12.26906532
62.513,1.2,0.6,12.26906532
62.537,1.2,0.6,12.32706762
62.574,1.2,0.6,12.32706762
62.597,1.2,0.6,12.32706762
62.638,1.2,0.6,12.26906532
62.677,1.2,0.6,12.26906532
62.718,1.2,0.6,12.26906532
62.757,1.2,0.6,12.32706762
62.778,1.2,0.6,12.32706762
62.814,1.2,0.6,12.32706762
62.851,1.2,0.6,12.32706762
62.891,1.2,0.6,12.26906532
62.932,1.2,0.6,12.26906532
62.966,1.2,0.6,12.32706762
63.005,1.2,0.6,12.26906532
63.046,1.2,0.6,12.32706762
63.081,1.2,0.6,12.32706762
63.119,1.2,0.6,12.46614258
63.154,1.2,0.6,12.39662814
63.174,1.2,0.6,12.32706762
63.211,1.2,0.6,12.39662814
63.234,1.2,0.6,12.39662814
63.269,1.2,0.6,12.39662814
63.309,1.2,0.6,12.32706762
63.346,1.2,0.6,12.39662814
63.388,1.2,0.6,12.39662814
63.427,1.2,0.6,12.39662814
63.449,1.2,0.6,12.39662814
63.486,1.2,0.6,12.39662814
63.526,1.2,0.6,12.39662814
63.549,1.2,0.6,12.32706762
63.591,1.2,0.6,12.39662814
63.614,1.2,0.6,12.32706762
63.654,1.2,0.6,12.39662814
63.695,1.2,0.6,12.46614258
63.736,1.2,0.6,12.39662814
63.782,1.2,0.6,12.39662814
63.824,1.2,0.6,12.39662814
63.845,1.2,0.6,12.39662814
63.882,1.2,0.6,12.39662814
63.905,1.2,0.6,12.39662814
63.926,1.2,0.6,12.39662814
63.96,1.2,0.6,12.39662814
63.985,1.2,0.6,12.39662814
64.02,1.2,0.6,12.26906532
64.045,1.2,0.6,12.39662814
64.082,1.2,0.6,12.39662814
64.121,1.2,0.6,12.39662814
64.159,1.2,0.6,12.32706762
64.199,1.2,0.6,12.46614258
64.236,1.2,0.6,12.39662814
64.27,1.2,0.6,12.39662814
64.292,1.2,0.6,12.46614258
64.329,1.2,0.6,12.46614258
64.352,1.2,0.6,12.39662814
64.392,1.2,0.6,12.39662814
64.415,1.2,0.6,12.39662814
64.451,1.2,0.6,12.39662814
64.488,1.2,0.6,12.32706762
64.528,1.2,0.6,12.32706762
64.57,1.2,0.6,12.46614258
64.616,1.2,0.6,12.39662814
64.658,1.2,0.6,12.39662814
64.697,1.2,0.6,12.46614258
64.741,1.2,0.6,12.46614258
64.781,1.2,0.6,12.52403608
64.822,1.2,0.6,12.46614258
64.863,1.2,0.6,12.52403608
64.908,1.2,0.6,12.46614258
64.953,1.2,0.6,12.46614258
64.992,1.2,0.6,12.39662814
65.014,1.2,0.6,12.52403608
65.052,1.2,0.6,12.39662814
65.091,1.2,0.6,12.46614258
65.129,1.2,0.6,12.46614258
65.163,1.2,0.6,12.46614258
65.198,1.2,0.6,12.46614258
65.239,1.2,0.6,12.52403608
65.282,1.2,0.6,12.46614258
65.321,1.2,0.6,12.39662814
65.359,1.2,0.6,12.52403608
65.4,1.2,0.6,12.46614258
65.439,1.2,0.6,12.39662814
65.477,1.2,0.6,12.39662814
65.514,1.2,0.6,12.39662814
65.548,1.2,0.6,12.32706762
65.571,1.2,0.6,12.39662814
65.609,1.2,0.6,12.46614258
65.63,1.2,0.6,12.46614258
65.669,1.2,0.6,12.46614258
65.705,1.2,0.6,12.39662814
65.728,1.2,0.6,12.39662814
65.768,1.2,0.6,12.46614258
65.794,1.2,0.6,12.46614258
65.836,1.2,0.6,12.39662814
65.879,1.2,0.6,12.46614258
65.918,1.2,0.6,12.39662814
65.958,1.2,0.6,12.46614258
65.999,1.2,0.6,12.39662814
66.041,1.2,0.6,12.39662814
66.079,1.2,0.6,12.32706762
66.118,1.2,0.6,12.39662814
66.163,1.2,0.6,12.39662814
66.189,1.2,0.6,12.39662814
66.226,1.2,0.6,12.39662814
66.266,1.2,0.6,12.39662814
66.3,1.2,0.6,12.32706762
66.326,1.2,0.6,12.39662814
66.368,1.2,0.6,12.39662814
66.408,1.2,0.6,12.39662814
66.431,1.2,0.6,12.39662814
66.467,1.2,0.6,12.39662814
66.507,1.2,0.6,12.39662814
66.551,1.2,0.6,12.32706762
66.591,1.2,0.6,12.39662814
66.634,1.2,0.6,12.32706762
66.673,1.2,0.6,12.32706762
66.713,1.2,0.6,12.32706762
66.753,1.2,0.6,12.39662814
66.799,1.2,0.6,12.39662814
66.837,1.2,0.6,12.39662814
66.88,1.2,0.6,12.32706762
66.921,1.2,0.6,12.32706762
66.964,1.2,0.6,12.32706762
67.002,1.2,0.6,12.32706762
67.042,1.2,0.6,12.32706762
67.077,1.2,0.6,12.32706762
67.115,1.2,0.6,12.32706762
67.154,1.2,0.6,12.32706762
67.192,1.2,0.6,12.32706762
67.217,1.2,0.6,12.32706762
67.252,1.2,0.6,12.26906532
67.275,1.2,0.6,12.26906532
67.311,1.2,0.6,12.32706762
67.335,1.2,0.6,12.32706762
67.373,1.2,0.6,12.32706762
67.397,1.2,0.6,12.26906532
67.437,1.2,0.6,12.26906532
67.457,1.2,0.6,12.32706762
67.493,1.2,0.6,12.32706762
67.53,1.2,0.6,12.26906532
67.567,1.2,0.6,12.26906532
67.607,1.2,0.6,12.26906532
67.645,1.2,0.6,12.26906532
67.682,1.2,0.6,12.32706762
67.718,1.2,0.6,12.32706762
67.757,1.2,0.6,12.32706762
67.795,1.2,0.6,12.32706762
67.834,1.2,0.6,12.32706762
67.857,1.2,0.6,12.32706762
67.892,1.2,0.6,12.26906532
67.913,1.2,0.6,12.26906532
67.95,1.2,0.6,12.26906532
67.971,1.2,0.6,12.26906532
68.009,1.2,0.6,12.26906532
68.029,1.2,0.6,12.19942032
68.052,1.2,0.6,12.26906532
68.085,1.2,0.6,12.26906532
68.106,1.2,0.6,12.26906532
68.142,1.2,0.6,12.26906532
68.181,1.2,0.6,12.26906532
68.203,1.2,0.6,12.26906532
68.239,1.2,0.6,12.26906532
68.261,1.2,0.6,12.26906532
68.295,1.2,0.6,12.26906532
68.318,1.2,0.6,12.19942032
68.352,1.2,0.6,12.26906532
68.376,1.2,0.6,12.26906532
68.416,1.2,0.6,12.26906532
68.455,1.2,0.6,12.19942032
68.495,1.2,0.6,12.26906532
68.535,1.2,0.6,12.19942032
68.56,1.2,0.6,12.14134762
68.595,1.2,0.6,12.26906532
68.619,1.2,0.6,12.26906532
68.656,1.2,0.6,12.26906532
68.676,1.2,0.6,12.26906532
68.697,1.2,0.6,12.19942032
68.736,1.2,0.6,12.26906532
68.759,1.2,0.6,12.19942032
68.794,1.2,0.6,12.19942032
68.82,1.2,0.6,12.19942032
68.841,1.2,0.6,12.19942032
68.882,1.2,0.6,12.19942032
68.927,1.2,0.6,12.19942032
68.972,1.2,0.6,12.19942032
69.014,1.2,0.6,12.19942032
69.038,1.2,0.6,12.14134762
69.076,1.2,0.6,12.19942032
69.097,1.2,0.6,12.19942032
69.134,1.2,0.6,12.19942032
69.179,1.2,0.6,12.19942032
69.203,1.2,0.6,12.19942032
69.238,1.2,0.6,12.19942032
69.283,1.2,0.6,12.19942032
69.308,1.2,0.6,12.19942032
69.342,1.2,0.6,12.14134762
69.368,1.2,0.6,12.14134762
69.411,1.2,0.6,12.14134762
69.455,1.2,0.6,12.19942032
69.495,1.2,0.6,12.14134762
69.519,1.2,0.6,12.14134762
69.555,1.2,0.6,12.19942032
69.593,1.2,0.6,12.14134762
69.632,1.2,0.6,12.19942032
69.671,1.2,0.6,12.14134762
69.693,1.2,0.6,12.19942032
69.728,1.2,0.6,12.19942032
69.753,1.2,0.6,12.19942032
69.787,1.2,0.6,12.19942032
69.826,1.2,0.6,12.19942032
69.85,1.2,0.6,12.19942032
69.883,1.2,0.6,12.19942032
69.923,1.2,0.6,12.14134762
69.958,1.2,0.6,12.14134762
69.999,1.2,0.6,12.19942032
70.041,1.2,0.6,12.19942032
70.079,1.2,0.6,12.19942032
70.1,1.2,0.6,12.19942032
70.136,1.2,0.6,12.19942032
70.175,1.2,0.6,12.14134762
70.214,1.2,0.6,12.26906532
70.237,1.2,0.6,12.26906532
70.269,1.2,0.6,12.26906532
70.291,1.2,0.6,12.14134762
70.327,1.2,0.6,12.19942032
70.349,1.2,0.6,12.19942032
70.382,1.2,0.6,12.19942032
70.403,1.2,0.6,12.19942032
70.425,1.2,0.6,12.19942032
70.467,1.2,0.6,12.19942032
70.489,1.2,0.6,12.19942032
70.531,1.2,0.6,12.19942032
70.571,1.2,0.6,12.19942032
70.611,1.2,0.6,12.26906532
70.652,1.2,0.6,12.32706762
70.691,1.2,0.6,12.26906532
70.73,1.2,0.6,12.19942032
70.766,1.2,0.6,12.26906532
70.802,1.2,0.6,12.19942032
70.842,1.2,0.6,12.26906532
70.866,1.2,0.6,12.26906532
70.901,1.2,0.6,12.32706762
70.926,1.2,0.6,12.26906532
70.965,1.2,0.6,12.19942032
71.006,1.2,0.6,12.26906532
71.044,1.2,0.6,12.26906532
71.081,1.2,0.6,12.32706762
71.117,1.2,0.6,12.32706762
71.14,1.2,0.6,12.32706762
71.174,1.2,0.6,12.32706762
71.198,1.2,0.6,12.26906532
71.232,1.2,0.6,12.26906532
71.257,1.2,0.6,12.26906532
71.296,1.2,0.6,12.26906532
71.319,1.2,0.6,12.26906532
71.354,1.2,0.6,12.19942032
71.377,1.2,0.6,12.19942032
71.413,1.2,0.6,12.19942032
71.437,1.2,0.6,12.19942032
