Timestamp,Voltage_Out2,Voltage_Out1,Speed_KPH
2024-12-07 14:33:52.973,0.5,1.0,0
2024-12-07 14:33:53.007,0.5,1.0,0
2024-12-07 14:33:53.044,0.5,1.0,0
2024-12-07 14:33:53.083,0.5,1.0,0
2024-12-07 14:33:53.122,0.5,1.0,0
2024-12-07 14:33:53.160,0.5,1.0,0
2024-12-07 14:33:53.195,0.5,1.0,0
2024-12-07 14:33:53.231,0.5,1.0,0
2024-12-07 14:33:53.266,0.5,1.0,0
2024-12-07 14:33:53.301,0.5,1.0,0
2024-12-07 14:33:53.338,0.5,1.0,0
2024-12-07 14:33:53.375,0.5,1.0,0
2024-12-07 14:33:53.413,0.5,1.0,0
2024-12-07 14:33:53.450,0.5,1.0,0
2024-12-07 14:33:53.493,0.5,1.0,0
2024-12-07 14:33:53.530,0.5,1.0,0
2024-12-07 14:33:53.567,0.5,1.0,0
2024-12-07 14:33:53.605,0.5,1.0,0
2024-12-07 14:33:53.644,0.5,1.0,0
2024-12-07 14:33:53.682,0.5,1.0,0
2024-12-07 14:33:53.720,0.5,1.0,0
2024-12-07 14:33:53.754,0.5,1.0,0
2024-12-07 14:33:53.793,0.5,1.0,0
2024-12-07 14:33:53.829,0.5,1.0,0
2024-12-07 14:33:53.870,0.5,1.0,0
2024-12-07 14:33:53.908,0.5,1.0,0
2024-12-07 14:33:53.946,0.5,1.0,0
2024-12-07 14:33:53.987,0.5,1.0,0
2024-12-07 14:33:54.027,0.5,1.0,0
2024-12-07 14:33:54.065,0.5,1.0,0
2024-12-07 14:33:54.103,0.5,1.0,0
2024-12-07 14:33:54.142,0.5,1.0,0
2024-12-07 14:33:54.182,0.5,1.0,0
2024-12-07 14:33:54.217,0.5,1.0,0
2024-12-07 14:33:54.257,0.5,1.0,0
2024-12-07 14:33:54.298,0.5,1.0,0
2024-12-07 14:33:54.334,0.5,1.0,0
2024-12-07 14:33:54.384,0.5,1.0,0
2024-12-07 14:33:54.444,0.5,1.0,0
2024-12-07 14:33:54.507,0.5,1.0,0
2024-12-07 14:33:54.542,0.5,1.0,0
2024-12-07 14:33:54.577,0.5,1.0,0
2024-12-07 14:33:54.599,0.5,1.0,0
2024-12-07 14:33:54.637,0.5,1.0,0
2024-12-07 14:33:54.675,0.5,1.0,0
2024-12-07 14:33:54.719,0.5,1.0,0
2024-12-07 14:33:54.776,0.5,1.0,0
2024-12-07 14:33:54.836,0.5,1.0,0
2024-12-07 14:33:54.873,0.5,1.0,0
2024-12-07 14:33:54.916,0.5,1.0,0
2024-12-07 14:33:54.955,0.5,1.0,0
2024-12-07 14:33:54.994,0.5,1.0,0
2024-12-07 14:33:55.031,0.5,1.0,0
2024-12-07 14:33:55.076,0.5,1.0,0
2024-12-07 14:33:55.114,0.5,1.0,0
2024-12-07 14:33:55.153,0.5,1.0,0
2024-12-07 14:33:55.179,0.5,1.0,0
2024-12-07 14:33:55.242,0.5,1.0,0
2024-12-07 14:33:55.281,0.5,1.0,0
2024-12-07 14:33:55.324,0.5,1.0,0
2024-12-07 14:33:55.361,0.5,1.0,0
2024-12-07 14:33:55.400,0.5,1.0,0
2024-12-07 14:33:55.438,0.5,1.0,0
2024-12-07 14:33:55.488,0.5,1.0,0
2024-12-07 14:33:55.532,0.5,1.0,0
2024-12-07 14:33:55.568,0.5,1.0,0
2024-12-07 14:33:55.607,0.5,1.0,0
2024-12-07 14:33:55.643,0.5,1.0,0
2024-12-07 14:33:55.700,0.5,1.0,0
2024-12-07 14:33:55.742,0.5,1.0,0
2024-12-07 14:33:55.781,0.5,1.0,0
2024-12-07 14:33:55.818,0.5,1.0,0
2024-12-07 14:33:55.949,0.5,1.0,0
2024-12-07 14:33:55.983,0.5,1.0,0
2024-12-07 14:33:56.020,0.5,1.0,0
2024-12-07 14:33:56.075,0.5,1.0,0
2024-12-07 14:33:56.112,0.5,1.0,0
2024-12-07 14:33:56.150,0.5,1.0,0
2024-12-07 14:33:56.174,0.5,1.0,0
2024-12-07 14:33:56.213,0.5,1.0,0
2024-12-07 14:33:56.272,0.5,1.0,0
2024-12-07 14:33:56.314,0.5,1.0,0
2024-12-07 14:33:56.372,0.5,1.0,0
2024-12-07 14:33:56.409,0.5,1.0,0
2024-12-07 14:33:56.445,0.5,1.0,0
2024-12-07 14:33:56.486,0.5,1.0,0
2024-12-07 14:33:56.523,0.5,1.0,0
2024-12-07 14:33:56.585,0.5,1.0,0
2024-12-07 14:33:56.623,0.5,1.0,0
2024-12-07 14:33:56.668,0.5,1.0,0
2024-12-07 14:33:56.711,0.5,1.0,0
2024-12-07 14:33:56.771,0.5,1.0,0
2024-12-07 14:33:56.813,0.5,1.0,0
2024-12-07 14:33:56.855,0.5,1.0,0
2024-12-07 14:33:56.897,0.5,1.0,0
2024-12-07 14:33:56.932,0.5,1.0,0
2024-12-07 14:33:56.986,0.5,1.0,0
2024-12-07 14:33:57.024,0.5,1.0,0
2024-12-07 14:33:57.047,0.5,1.0,0
2024-12-07 14:33:57.090,0.5,1.0,0
2024-12-07 14:33:57.131,0.5,1.0,0
2024-12-07 14:33:57.171,0.5,1.0,0
2024-12-07 14:33:57.218,0.5,1.0,0
2024-12-07 14:33:57.257,0.5,1.0,0
2024-12-07 14:33:57.297,0.5,1.0,0
2024-12-07 14:33:57.343,0.5,1.0,0
2024-12-07 14:33:57.379,0.5,1.0,0
2024-12-07 14:33:57.439,0.5,1.0,0
2024-12-07 14:33:57.507,0.5,1.0,0
2024-12-07 14:33:57.551,0.5,1.0,0
2024-12-07 14:33:57.587,0.5,1.0,0
2024-12-07 14:33:57.630,0.5,1.0,0
2024-12-07 14:33:57.653,0.5,1.0,0
2024-12-07 14:33:57.689,0.5,1.0,0
2024-12-07 14:33:57.741,0.5,1.0,0
2024-12-07 14:33:57.779,0.5,1.0,0
2024-12-07 14:33:57.815,0.5,1.0,0
2024-12-07 14:33:57.896,0.5,1.0,0
2024-12-07 14:33:57.939,0.5,1.0,0
2024-12-07 14:33:57.975,0.5,1.0,0
2024-12-07 14:33:58.019,0.5,1.0,0
2024-12-07 14:33:58.073,0.5,1.0,0
2024-12-07 14:33:58.115,0.5,1.0,0
2024-12-07 14:33:58.157,0.5,1.0,0
2024-12-07 14:33:58.195,0.5,1.0,0
2024-12-07 14:33:58.275,0.5,1.0,0
2024-12-07 14:33:58.317,0.5,1.0,0
2024-12-07 14:33:58.358,0.5,1.0,0
2024-12-07 14:33:58.394,0.5,1.0,0
2024-12-07 14:33:58.429,0.5,1.0,0
2024-12-07 14:33:58.518,0.5,1.0,0
2024-12-07 14:33:58.559,0.5,1.0,0
2024-12-07 14:33:58.597,0.5,1.0,0
2024-12-07 14:33:58.654,0.5,1.0,0
2024-12-07 14:33:58.697,0.5,1.0,0
2024-12-07 14:33:58.755,0.5,1.0,0
2024-12-07 14:33:58.794,0.5,1.0,0
2024-12-07 14:33:58.831,0.5,1.0,0
2024-12-07 14:33:58.861,0.5,1.0,0
2024-12-07 14:33:58.904,0.5,1.0,0
2024-12-07 14:33:58.947,0.5,1.0,0
2024-12-07 14:33:59.024,0.5,1.0,0
2024-12-07 14:33:59.061,0.5,1.0,0
2024-12-07 14:33:59.102,0.5,1.0,0
2024-12-07 14:33:59.144,0.5,1.0,0
2024-12-07 14:33:59.204,0.5,1.0,0
2024-12-07 14:33:59.247,0.5,1.0,0
2024-12-07 14:33:59.302,0.5,1.0,0
2024-12-07 14:33:59.367,0.5,1.0,0
2024-12-07 14:33:59.407,0.5,1.0,0
2024-12-07 14:33:59.461,0.5,1.0,0
2024-12-07 14:33:59.484,0.5,1.0,0
2024-12-07 14:33:59.523,0.5,1.0,0
2024-12-07 14:33:59.561,0.5,1.0,0
2024-12-07 14:33:59.601,0.5,1.0,0
2024-12-07 14:33:59.648,0.5,1.0,0
2024-12-07 14:33:59.729,0.5,1.0,0
2024-12-07 14:33:59.786,0.5,1.0,0
2024-12-07 14:33:59.822,0.5,1.0,0
2024-12-07 14:33:59.859,0.5,1.0,0
2024-12-07 14:33:59.903,0.5,1.0,0
2024-12-07 14:33:59.943,0.5,1.0,0
2024-12-07 14:33:59.967,0.5,1.0,0
2024-12-07 14:34:00.004,0.5,1.0,0
2024-12-07 14:34:00.028,0.5,1.0,0
2024-12-07 14:34:00.063,0.5,1.0,0
2024-12-07 14:34:00.123,0.5,1.0,0
2024-12-07 14:34:00.195,0.5,1.0,0
2024-12-07 14:34:00.234,0.5,1.0,0
2024-12-07 14:34:00.269,0.5,1.0,0
2024-12-07 14:34:00.306,0.5,1.0,0
2024-12-07 14:34:00.347,0.5,1.0,0
2024-12-07 14:34:00.384,0.5,1.0,0
2024-12-07 14:34:00.407,0.5,1.0,0
2024-12-07 14:34:00.450,0.5,1.0,0
2024-12-07 14:34:00.493,0.5,1.0,0
2024-12-07 14:34:00.536,0.5,1.0,0
2024-12-07 14:34:00.572,0.5,1.0,0
2024-12-07 14:34:00.648,0.5,1.0,0
2024-12-07 14:34:00.690,0.5,1.0,0
2024-12-07 14:34:00.732,0.5,1.0,0
2024-12-07 14:34:00.771,0.5,1.0,0
2024-12-07 14:34:00.859,0.5,1.0,0
2024-12-07 14:34:00.896,0.5,1.0,0
2024-12-07 14:34:00.937,0.5,1.0,0
2024-12-07 14:34:00.982,0.5,1.0,0
2024-12-07 14:34:01.024,0.5,1.0,0
2024-12-07 14:34:01.079,0.5,1.0,0
2024-12-07 14:34:01.124,0.5,1.0,0
2024-12-07 14:34:01.164,0.5,1.0,0
2024-12-07 14:34:01.201,0.5,1.0,0
2024-12-07 14:34:01.240,0.5,1.0,0
2024-12-07 14:34:01.319,0.5,1.0,0
2024-12-07 14:34:01.359,0.5,1.0,0
2024-12-07 14:34:01.396,0.5,1.0,0
2024-12-07 14:34:01.442,0.5,1.0,0
2024-12-07 14:34:01.518,0.5,1.0,0
2024-12-07 14:34:01.579,0.5,1.0,0
2024-12-07 14:34:01.619,0.5,1.0,0
2024-12-07 14:34:01.657,0.5,1.0,0
2024-12-07 14:34:01.735,0.5,1.0,0
2024-12-07 14:34:01.772,0.5,1.0,0
2024-12-07 14:34:01.811,0.5,1.0,0
2024-12-07 14:34:01.870,0.5,1.0,0
2024-12-07 14:34:01.923,0.5,1.0,0
2024-12-07 14:34:01.958,0.5,1.0,0
2024-12-07 14:34:01.994,0.5,1.0,0
2024-12-07 14:34:02.031,0.5,1.0,0
2024-12-07 14:34:02.067,0.5,1.0,0
2024-12-07 14:34:02.105,0.5,1.0,0
2024-12-07 14:34:02.144,0.5,1.0,0
2024-12-07 14:34:02.183,0.5,1.0,0
2024-12-07 14:34:02.219,0.5,1.0,0
2024-12-07 14:34:02.256,0.5,1.0,0
2024-12-07 14:34:02.299,0.5,1.0,0
2024-12-07 14:34:02.353,0.5,1.0,0
2024-12-07 14:34:02.388,0.5,1.0,0
2024-12-07 14:34:02.431,0.5,1.0,0
2024-12-07 14:34:02.467,0.5,1.0,0
2024-12-07 14:34:02.493,0.5,1.0,0
2024-12-07 14:34:02.532,0.5,1.0,0
2024-12-07 14:34:02.572,0.5,1.0,0
2024-12-07 14:34:02.611,0.5,1.0,0
2024-12-07 14:34:02.632,0.5,1.0,0
2024-12-07 14:34:02.667,0.5,1.0,0
2024-12-07 14:34:02.704,0.5,1.0,0
2024-12-07 14:34:02.730,0.5,1.0,0
2024-12-07 14:34:02.767,0.5,1.0,0
2024-12-07 14:34:02.793,0.5,1.0,0
2024-12-07 14:34:02.834,0.5,1.0,0
2024-12-07 14:34:02.879,0.5,1.0,0
2024-12-07 14:34:02.927,0.5,1.0,0
2024-12-07 14:34:02.964,0.5,1.0,0
2024-12-07 14:34:03.017,0.5,1.0,0
2024-12-07 14:34:03.061,0.5,1.0,0
2024-12-07 14:34:03.104,0.5,1.0,0
2024-12-07 14:34:03.126,0.5,1.0,0
2024-12-07 14:34:03.192,0.5,1.0,0
2024-12-07 14:34:03.235,0.5,1.0,0
2024-12-07 14:34:03.277,0.5,1.0,0
2024-12-07 14:34:03.315,0.5,1.0,0
2024-12-07 14:34:03.343,0.5,1.0,0
2024-12-07 14:34:03.382,0.5,1.0,0
2024-12-07 14:34:03.402,0.5,1.0,0
2024-12-07 14:34:03.462,0.5,1.0,0
2024-12-07 14:34:03.520,0.5,1.0,0
2024-12-07 14:34:03.556,0.5,1.0,0
2024-12-07 14:34:03.645,0.5,1.0,0
2024-12-07 14:34:03.685,0.5,1.0,0
2024-12-07 14:34:03.723,0.5,1.0,0
2024-12-07 14:34:03.790,0.5,1.0,0
2024-12-07 14:34:03.848,0.5,1.0,0
2024-12-07 14:34:03.903,0.5,1.0,0
2024-12-07 14:34:03.943,0.5,1.0,0
2024-12-07 14:34:03.968,0.5,1.0,0
2024-12-07 14:34:04.024,0.5,1.0,0
2024-12-07 14:34:04.067,0.5,1.0,0
2024-12-07 14:34:04.103,0.5,1.0,0
2024-12-07 14:34:04.144,0.5,1.0,0
2024-12-07 14:34:04.180,0.5,1.0,0
2024-12-07 14:34:04.224,0.5,1.0,0
2024-12-07 14:34:04.245,0.5,1.0,0
2024-12-07 14:34:04.284,0.5,1.0,0
2024-12-07 14:34:04.319,0.5,1.0,0
2024-12-07 14:34:04.355,0.5,1.0,0
2024-12-07 14:34:04.402,0.5,1.0,0
2024-12-07 14:34:04.438,0.5,1.0,0
2024-12-07 14:34:04.486,0.5,1.0,0
2024-12-07 14:34:04.522,0.5,1.0,0
2024-12-07 14:34:04.565,0.5,1.0,0
2024-12-07 14:34:04.602,0.5,1.0,0
2024-12-07 14:34:04.648,0.5,1.0,0
2024-12-07 14:34:04.689,0.5,1.0,0
2024-12-07 14:34:04.750,0.5,1.0,0
2024-12-07 14:34:04.773,0.5,1.0,0
2024-12-07 14:34:04.838,0.5,1.0,0
2024-12-07 14:34:04.879,0.5,1.0,0
2024-12-07 14:34:04.921,0.5,1.0,0
2024-12-07 14:34:04.960,0.5,1.0,0
2024-12-07 14:34:05.040,0.5,1.0,0
2024-12-07 14:34:05.082,0.5,1.0,0
2024-12-07 14:34:05.118,0.5,1.0,0
2024-12-07 14:34:05.143,0.5,1.0,0
2024-12-07 14:34:05.199,0.5,1.0,0
2024-12-07 14:34:05.262,0.5,1.0,0
2024-12-07 14:34:05.296,0.5,1.0,0
2024-12-07 14:34:05.340,0.5,1.0,0
2024-12-07 14:34:05.401,0.5,1.0,0
2024-12-07 14:34:05.440,0.5,1.0,0
2024-12-07 14:34:05.482,0.5,1.0,0
2024-12-07 14:34:05.522,0.5,1.0,0
2024-12-07 14:34:05.562,0.5,1.0,0
2024-12-07 14:34:05.636,0.5,1.0,0
2024-12-07 14:34:05.662,0.5,1.0,0
2024-12-07 14:34:05.703,0.5,1.0,0
2024-12-07 14:34:05.738,0.5,1.0,0
2024-12-07 14:34:05.801,0.5,1.0,0
2024-12-07 14:34:05.841,0.5,1.0,0
2024-12-07 14:34:05.880,0.5,1.0,0
2024-12-07 14:34:05.920,0.5,1.0,0
2024-12-07 14:34:05.960,0.5,1.0,0
2024-12-07 14:34:06.001,0.5,1.0,0
2024-12-07 14:34:06.040,0.5,1.0,0
2024-12-07 14:34:06.079,0.5,1.0,0
2024-12-07 14:34:06.118,0.5,1.0,0
2024-12-07 14:34:06.153,0.5,1.0,0
2024-12-07 14:34:06.190,0.6,1.2,0
2024-12-07 14:34:06.254,0.6,1.2,0
2024-12-07 14:34:06.331,0.6,1.2,0
2024-12-07 14:34:06.372,0.6,1.2,0
2024-12-07 14:34:06.416,0.6,1.2,0
2024-12-07 14:34:06.476,0.6,1.2,0
2024-12-07 14:34:06.550,0.6,1.2,0
2024-12-07 14:34:06.589,0.6,1.2,0
2024-12-07 14:34:06.629,0.6,1.2,0
2024-12-07 14:34:06.704,0.6,1.2,0
2024-12-07 14:34:06.745,0.6,1.2,0
2024-12-07 14:34:06.783,0.6,1.2,0
2024-12-07 14:34:06.827,0.6,1.2,0
2024-12-07 14:34:06.870,0.6,1.2,0
2024-12-07 14:34:06.928,0.6,1.2,0
2024-12-07 14:34:06.967,0.6,1.2,0
2024-12-07 14:34:07.027,0.6,1.2,0
2024-12-07 14:34:07.063,0.6,1.2,0
2024-12-07 14:34:07.111,0.6,1.2,0
2024-12-07 14:34:07.160,0.6,1.2,0
2024-12-07 14:34:07.202,0.6,1.2,0
2024-12-07 14:34:07.239,0.6,1.2,0
2024-12-07 14:34:07.276,0.6,1.2,0
2024-12-07 14:34:07.306,0.6,1.2,0
2024-12-07 14:34:07.344,0.6,1.2,0
2024-12-07 14:34:07.368,0.6,1.2,0
2024-12-07 14:34:07.408,0.6,1.2,0
2024-12-07 14:34:07.442,0.6,1.2,0
2024-12-07 14:34:07.479,0.6,1.2,0
2024-12-07 14:34:07.519,0.6,1.2,0
2024-12-07 14:34:07.557,0.6,1.2,0
2024-12-07 14:34:07.597,0.6,1.2,0
2024-12-07 14:34:07.636,0.6,1.2,0
2024-12-07 14:34:07.677,0.6,1.2,0
2024-12-07 14:34:07.698,0.6,1.2,0
2024-12-07 14:34:07.740,0.6,1.2,0
2024-12-07 14:34:07.778,0.6,1.2,0
2024-12-07 14:34:07.824,0.6,1.2,0
2024-12-07 14:34:07.860,0.6,1.2,0
2024-12-07 14:34:07.897,0.6,1.2,0
2024-12-07 14:34:07.938,0.6,1.2,0
2024-12-07 14:34:07.973,0.6,1.2,0
2024-12-07 14:34:08.016,0.6,1.2,0
2024-12-07 14:34:08.057,0.6,1.2,0
2024-12-07 14:34:08.098,0.6,1.2,0
2024-12-07 14:34:08.140,0.6,1.2,1.23081432
2024-12-07 14:34:08.184,0.6,1.2,1.3073713200000001
2024-12-07 14:34:08.227,0.6,1.2,1.44760614
2024-12-07 14:34:08.265,0.6,1.2,1.58768608
2024-12-07 14:34:08.302,0.6,1.2,1.6640280400000003
2024-12-07 14:34:08.363,0.6,1.2,2.01968124
2024-12-07 14:34:08.402,0.6,1.2,2.15912758
2024-12-07 14:34:08.438,0.6,1.2,2.23512394
2024-12-07 14:34:08.478,0.6,1.2,2.3743309200000002
2024-12-07 14:34:08.546,0.6,1.2,2.58916434
2024-12-07 14:34:08.585,0.6,1.2,2.66489958
2024-12-07 14:34:08.623,0.6,1.2,2.8036278400000003
2024-12-07 14:34:08.667,0.6,1.2,2.94220122
2024-12-07 14:34:08.727,0.6,1.2,3.08061972
2024-12-07 14:34:08.761,0.6,1.2,3.23144508
2024-12-07 14:34:08.797,0.6,1.2,3.23144508
2024-12-07 14:34:08.833,0.6,1.2,3.36953974
2024-12-07 14:34:08.855,0.6,1.2,3.36953974
2024-12-07 14:34:08.906,0.6,1.2,3.507479520000001
2024-12-07 14:34:08.941,0.6,1.2,3.5826541200000004
2024-12-07 14:34:08.966,0.6,1.2,3.6452644199999997
2024-12-07 14:34:09.027,0.6,1.2,3.79539858
2024-12-07 14:34:09.066,0.6,1.2,3.8579000800000007
2024-12-07 14:34:09.116,0.6,1.2,3.9328596399999998
2024-12-07 14:34:09.137,0.6,1.2,4.0077731199999995
2024-12-07 14:34:09.171,0.6,1.2,4.07016582
2024-12-07 14:34:09.195,0.6,1.2,4.07016582
2024-12-07 14:34:09.232,0.6,1.2,4.207317120000001
2024-12-07 14:34:09.265,0.6,1.2,4.28206164
2024-12-07 14:34:09.299,0.6,1.2,4.28206164
2024-12-07 14:34:09.336,0.6,1.2,4.356760079999999
2024-12-07 14:34:09.379,0.6,1.2,4.49358754
2024-12-07 14:34:09.418,0.6,1.2,4.56815542
2024-12-07 14:34:09.460,0.6,1.2,4.630260120000001
2024-12-07 14:34:09.497,0.6,1.2,4.704743519999999
2024-12-07 14:34:09.522,0.6,1.2,4.704743519999999
2024-12-07 14:34:09.561,0.6,1.2,4.76677782
2024-12-07 14:34:09.582,0.6,1.2,4.84117674
2024-12-07 14:34:09.617,0.6,1.2,4.915529580000001
2024-12-07 14:34:09.654,0.6,1.2,4.915529580000001
2024-12-07 14:34:09.691,0.6,1.2,4.97745508
2024-12-07 14:34:09.712,0.6,1.2,5.05172344
2024-12-07 14:34:09.749,0.6,1.2,5.05172344
2024-12-07 14:34:09.793,0.6,1.2,5.125945720000001
2024-12-07 14:34:09.833,0.6,1.2,5.261900220000001
2024-12-07 14:34:09.876,0.6,1.2,5.3236465200000005
2024-12-07 14:34:09.916,0.6,1.2,5.39769984
2024-12-07 14:34:09.956,0.6,1.2,5.47170708
2024-12-07 14:34:09.996,0.6,1.2,5.53334458
2024-12-07 14:34:10.035,0.6,1.2,5.60726734
2024-12-07 14:34:10.074,0.6,1.2,5.68114402
2024-12-07 14:34:10.114,0.6,1.2,5.74267272
2024-12-07 14:34:10.154,0.6,1.2,5.81646492
2024-12-07 14:34:10.195,0.6,1.2,5.87792322
2024-12-07 14:34:10.234,0.6,1.2,5.951630940000001
2024-12-07 14:34:10.273,0.6,1.2,6.02529258
2024-12-07 14:34:10.309,0.6,1.2,6.086642080000001
2024-12-07 14:34:10.354,0.6,1.2,6.086642080000001
2024-12-07 14:34:10.392,0.6,1.2,6.16021924
2024-12-07 14:34:10.432,0.6,1.2,6.23375032
2024-12-07 14:34:10.472,0.6,1.2,6.294991019999999
2024-12-07 14:34:10.513,0.6,1.2,6.36843762
2024-12-07 14:34:10.555,0.6,1.2,6.36843762
2024-12-07 14:34:10.597,0.6,1.2,6.4296079200000005
2024-12-07 14:34:10.638,0.6,1.2,6.502970040000001
2024-12-07 14:34:10.679,0.6,1.2,6.576286080000001
2024-12-07 14:34:10.719,0.6,1.2,6.63734758
2024-12-07 14:34:10.759,0.6,1.2,6.63734758
2024-12-07 14:34:10.798,0.6,1.2,6.63734758
2024-12-07 14:34:10.840,0.6,1.2,6.71057914
2024-12-07 14:34:10.878,0.6,1.2,6.7837646199999995
2024-12-07 14:34:10.921,0.6,1.2,6.7837646199999995
2024-12-07 14:34:10.963,0.6,1.2,6.844717320000001
2024-12-07 14:34:11.001,0.6,1.2,6.844717320000001
2024-12-07 14:34:11.042,0.6,1.2,6.844717320000001
2024-12-07 14:34:11.082,0.6,1.2,6.91781832
2024-12-07 14:34:11.141,0.6,1.2,6.97870062
2024-12-07 14:34:11.180,0.6,1.2,7.051717139999999
2024-12-07 14:34:11.221,0.6,1.2,7.051717139999999
2024-12-07 14:34:11.260,0.6,1.2,7.12468758
2024-12-07 14:34:11.299,0.6,1.2,7.12468758
2024-12-07 14:34:11.341,0.6,1.2,7.18546108
2024-12-07 14:34:11.381,0.6,1.2,7.18546108
2024-12-07 14:34:11.421,0.6,1.2,7.18546108
2024-12-07 14:34:11.461,0.6,1.2,7.25834704
2024-12-07 14:34:11.501,0.6,1.2,7.25834704
2024-12-07 14:34:11.542,0.6,1.2,7.331186919999999
2024-12-07 14:34:11.581,0.6,1.2,7.331186919999999
2024-12-07 14:34:11.621,0.6,1.2,7.391851620000001
2024-12-07 14:34:11.661,0.6,1.2,7.464607019999999
2024-12-07 14:34:11.699,0.6,1.2,7.464607019999999
2024-12-07 14:34:11.725,0.6,1.2,7.464607019999999
2024-12-07 14:34:11.765,0.6,1.2,7.464607019999999
2024-12-07 14:34:11.805,0.6,1.2,7.525201320000001
2024-12-07 14:34:11.846,0.6,1.2,7.525201320000001
2024-12-07 14:34:11.887,0.6,1.2,7.525201320000001
2024-12-07 14:34:11.926,0.6,1.2,7.597872239999999
2024-12-07 14:34:11.966,0.6,1.2,7.670497079999999
2024-12-07 14:34:12.005,0.6,1.2,7.670497079999999
2024-12-07 14:34:12.046,0.6,1.2,7.670497079999999
2024-12-07 14:34:12.085,0.6,1.2,7.670497079999999
2024-12-07 14:34:12.123,0.6,1.2,7.670497079999999
2024-12-07 14:34:12.161,0.6,1.2,7.730982579999999
2024-12-07 14:34:12.218,0.6,1.2,7.730982579999999
2024-12-07 14:34:12.258,0.6,1.2,7.803522939999999
2024-12-07 14:34:12.296,0.6,1.2,7.803522939999999
2024-12-07 14:34:12.319,0.6,1.2,7.803522939999999
2024-12-07 14:34:12.354,0.6,1.2,7.803522939999999
2024-12-07 14:34:12.378,0.6,1.2,7.803522939999999
2024-12-07 14:34:12.413,0.6,1.2,7.87601722
2024-12-07 14:34:12.437,0.6,1.2,7.87601722
2024-12-07 14:34:12.473,0.6,1.2,7.87601722
2024-12-07 14:34:12.499,0.6,1.2,7.87601722
2024-12-07 14:34:12.536,0.6,1.2,7.93639392
2024-12-07 14:34:12.557,0.6,1.2,7.93639392
2024-12-07 14:34:12.593,0.6,1.2,7.93639392
2024-12-07 14:34:12.617,0.6,1.2,8.00880372
2024-12-07 14:34:12.652,0.6,1.2,8.00880372
2024-12-07 14:34:12.678,0.6,1.2,8.00880372
2024-12-07 14:34:12.712,0.6,1.2,8.00880372
2024-12-07 14:34:12.737,0.6,1.2,8.00880372
2024-12-07 14:34:12.772,0.6,1.2,8.06911002
2024-12-07 14:34:12.798,0.6,1.2,8.06911002
2024-12-07 14:34:12.835,0.6,1.2,8.06911002
2024-12-07 14:34:12.860,0.6,1.2,8.06911002
2024-12-07 14:34:12.902,0.6,1.2,8.06911002
2024-12-07 14:34:12.937,0.6,1.2,8.14143534
2024-12-07 14:34:12.980,0.6,1.2,8.14143534
2024-12-07 14:34:13.015,0.6,1.2,8.14143534
2024-12-07 14:34:13.056,0.6,1.2,8.21371458
2024-12-07 14:34:13.097,0.6,1.2,8.21371458
2024-12-07 14:34:13.136,0.6,1.2,8.21371458
2024-12-07 14:34:13.175,0.6,1.2,8.27391208
2024-12-07 14:34:13.215,0.6,1.2,8.27391208
2024-12-07 14:34:13.256,0.6,1.2,8.27391208
2024-12-07 14:34:13.297,0.6,1.2,8.34610684
2024-12-07 14:34:13.336,0.6,1.2,8.418255519999999
2024-12-07 14:34:13.377,0.6,1.2,8.418255519999999
2024-12-07 14:34:13.417,0.6,1.2,8.47834422
2024-12-07 14:34:13.460,0.6,1.2,8.47834422
2024-12-07 14:34:13.501,0.6,1.2,8.47834422
2024-12-07 14:34:13.543,0.6,1.2,8.55040842
2024-12-07 14:34:13.584,0.6,1.2,8.55040842
2024-12-07 14:34:13.623,0.6,1.2,8.55040842
2024-12-07 14:34:13.663,0.6,1.2,8.55040842
2024-12-07 14:34:13.703,0.6,1.2,8.55040842
2024-12-07 14:34:13.745,0.6,1.2,8.55040842
2024-12-07 14:34:13.785,0.6,1.2,8.55040842
2024-12-07 14:34:13.825,0.6,1.2,8.61042672
2024-12-07 14:34:13.866,0.6,1.2,8.61042672
2024-12-07 14:34:13.905,0.6,1.2,8.61042672
2024-12-07 14:34:13.944,0.6,1.2,8.61042672
2024-12-07 14:34:13.982,0.6,1.2,8.68240644
2024-12-07 14:34:14.019,0.6,1.2,8.68240644
2024-12-07 14:34:14.073,0.6,1.2,8.68240644
2024-12-07 14:34:14.098,0.6,1.2,8.68240644
2024-12-07 14:34:14.136,0.6,1.2,8.754340079999999
2024-12-07 14:34:14.163,0.6,1.2,8.754340079999999
2024-12-07 14:34:14.205,0.6,1.2,8.754340079999999
2024-12-07 14:34:14.249,0.6,1.2,8.81424958
2024-12-07 14:34:14.291,0.6,1.2,8.81424958
2024-12-07 14:34:14.327,0.6,1.2,8.81424958
2024-12-07 14:34:14.351,0.6,1.2,8.81424958
2024-12-07 14:34:14.385,0.6,1.2,8.754340079999999
2024-12-07 14:34:14.409,0.6,1.2,8.754340079999999
2024-12-07 14:34:14.448,0.6,1.2,8.81424958
2024-12-07 14:34:14.484,0.6,1.2,8.754340079999999
2024-12-07 14:34:14.509,0.6,1.2,8.81424958
2024-12-07 14:34:14.546,0.6,1.2,8.81424958
2024-12-07 14:34:14.569,0.6,1.2,8.81424958
2024-12-07 14:34:14.604,0.6,1.2,8.81424958
2024-12-07 14:34:14.629,0.6,1.2,8.81424958
2024-12-07 14:34:14.663,0.6,1.2,8.81424958
2024-12-07 14:34:14.688,0.6,1.2,8.81424958
2024-12-07 14:34:14.729,0.6,1.2,8.81424958
2024-12-07 14:34:14.765,0.6,1.2,8.81424958
2024-12-07 14:34:14.807,0.6,1.2,8.88609874
2024-12-07 14:34:14.842,0.6,1.2,8.88609874
2024-12-07 14:34:14.880,0.6,1.2,8.88609874
2024-12-07 14:34:14.902,0.6,1.2,8.88609874
2024-12-07 14:34:14.940,0.6,1.2,8.88609874
2024-12-07 14:34:14.980,0.6,1.2,8.957901819999998
2024-12-07 14:34:15.020,0.6,1.2,8.88609874
2024-12-07 14:34:15.058,0.6,1.2,8.957901819999998
2024-12-07 14:34:15.081,0.6,1.2,8.957901819999998
2024-12-07 14:34:15.116,0.6,1.2,9.01770252
2024-12-07 14:34:15.155,0.6,1.2,9.01770252
2024-12-07 14:34:15.179,0.6,1.2,9.01770252
2024-12-07 14:34:15.216,0.6,1.2,9.01770252
2024-12-07 14:34:15.262,0.6,1.2,9.01770252
2024-12-07 14:34:15.286,0.6,1.2,9.01770252
2024-12-07 14:34:15.326,0.6,1.2,9.089421119999999
2024-12-07 14:34:15.365,0.6,1.2,9.01770252
2024-12-07 14:34:15.404,0.6,1.2,9.01770252
2024-12-07 14:34:15.443,0.6,1.2,9.089421119999999
2024-12-07 14:34:15.467,0.6,1.2,9.089421119999999
2024-12-07 14:34:15.501,0.6,1.2,9.089421119999999
2024-12-07 14:34:15.527,0.6,1.2,9.089421119999999
2024-12-07 14:34:15.605,0.6,1.2,9.149151419999999
2024-12-07 14:34:15.645,0.6,1.2,9.149151419999999
2024-12-07 14:34:15.685,0.6,1.2,9.149151419999999
2024-12-07 14:34:15.726,0.6,1.2,9.149151419999999
2024-12-07 14:34:15.767,0.6,1.2,9.149151419999999
2024-12-07 14:34:15.805,0.6,1.2,9.149151419999999
2024-12-07 14:34:15.863,0.6,1.2,9.149151419999999
2024-12-07 14:34:15.903,0.6,1.2,9.22078554
2024-12-07 14:34:15.941,0.6,1.2,9.22078554
2024-12-07 14:34:15.967,0.6,1.2,9.22078554
2024-12-07 14:34:16.002,0.6,1.2,9.22078554
2024-12-07 14:34:16.026,0.6,1.2,9.22078554
2024-12-07 14:34:16.048,0.6,1.2,9.22078554
2024-12-07 14:34:16.088,0.6,1.2,9.29237358
2024-12-07 14:34:16.125,0.6,1.2,9.29237358
2024-12-07 14:34:16.159,0.6,1.2,9.22078554
2024-12-07 14:34:16.195,0.6,1.2,9.22078554
2024-12-07 14:34:16.237,0.6,1.2,9.22078554
2024-12-07 14:34:16.276,0.6,1.2,9.22078554
2024-12-07 14:34:16.301,0.6,1.2,9.29237358
2024-12-07 14:34:16.337,0.6,1.2,9.29237358
2024-12-07 14:34:16.360,0.6,1.2,9.29237358
2024-12-07 14:34:16.395,0.6,1.2,9.29237358
2024-12-07 14:34:16.435,0.6,1.2,9.35199508
2024-12-07 14:34:16.458,0.6,1.2,9.35199508
2024-12-07 14:34:16.493,0.6,1.2,9.29237358
2024-12-07 14:34:16.530,0.6,1.2,9.29237358
2024-12-07 14:34:16.636,0.6,1.2,9.35199508
2024-12-07 14:34:16.680,0.6,1.2,9.35199508
2024-12-07 14:34:16.721,0.6,1.2,9.42349864
2024-12-07 14:34:16.762,0.6,1.2,9.42349864
2024-12-07 14:34:16.801,0.6,1.2,9.42349864
2024-12-07 14:34:16.845,0.6,1.2,9.42349864
2024-12-07 14:34:16.890,0.6,1.2,9.42349864
2024-12-07 14:34:16.933,0.6,1.2,9.42349864
2024-12-07 14:34:16.973,0.6,1.2,9.42349864
2024-12-07 14:34:17.013,0.6,1.2,9.42349864
2024-12-07 14:34:17.049,0.6,1.2,9.494956120000001
2024-12-07 14:34:17.084,0.6,1.2,9.494956120000001
2024-12-07 14:34:17.119,0.6,1.2,9.494956120000001
2024-12-07 14:34:17.159,0.6,1.2,9.494956120000001
2024-12-07 14:34:17.194,0.6,1.2,9.494956120000001
2024-12-07 14:34:17.231,0.6,1.2,9.494956120000001
2024-12-07 14:34:17.274,0.6,1.2,9.494956120000001
2024-12-07 14:34:17.313,0.6,1.2,9.554468819999999
2024-12-07 14:34:17.354,0.6,1.2,9.554468819999999
2024-12-07 14:34:17.391,0.6,1.2,9.554468819999999
2024-12-07 14:34:17.425,0.6,1.2,9.554468819999999
2024-12-07 14:34:17.449,0.6,1.2,9.554468819999999
2024-12-07 14:34:17.483,0.6,1.2,9.554468819999999
2024-12-07 14:34:17.525,0.6,1.2,9.554468819999999
2024-12-07 14:34:17.567,0.6,1.2,9.62584182
2024-12-07 14:34:17.606,0.6,1.2,9.62584182
2024-12-07 14:34:17.648,0.6,1.2,9.554468819999999
2024-12-07 14:34:17.687,0.6,1.2,9.62584182
2024-12-07 14:34:17.711,0.6,1.2,9.62584182
2024-12-07 14:34:17.752,0.6,1.2,9.554468819999999
2024-12-07 14:34:17.789,0.6,1.2,9.554468819999999
2024-12-07 14:34:17.826,0.6,1.2,9.554468819999999
2024-12-07 14:34:17.862,0.6,1.2,9.62584182
2024-12-07 14:34:17.901,0.6,1.2,9.62584182
2024-12-07 14:34:17.945,0.6,1.2,9.62584182
2024-12-07 14:34:17.987,0.6,1.2,9.62584182
2024-12-07 14:34:18.029,0.6,1.2,9.62584182
2024-12-07 14:34:18.064,0.6,1.2,9.62584182
2024-12-07 14:34:18.089,0.6,1.2,9.62584182
2024-12-07 14:34:18.125,0.6,1.2,9.62584182
2024-12-07 14:34:18.146,0.6,1.2,9.68528412
2024-12-07 14:34:18.182,0.6,1.2,9.68528412
2024-12-07 14:34:18.204,0.6,1.2,9.68528412
2024-12-07 14:34:18.238,0.6,1.2,9.68528412
2024-12-07 14:34:18.262,0.6,1.2,9.68528412
2024-12-07 14:34:18.296,0.6,1.2,9.68528412
2024-12-07 14:34:18.335,0.6,1.2,9.75657264
2024-12-07 14:34:18.358,0.6,1.2,9.68528412
2024-12-07 14:34:18.395,0.6,1.2,9.68528412
2024-12-07 14:34:18.438,0.6,1.2,9.68528412
2024-12-07 14:34:18.477,0.6,1.2,9.68528412
2024-12-07 14:34:18.499,0.6,1.2,9.68528412
2024-12-07 14:34:18.535,0.6,1.2,9.68528412
2024-12-07 14:34:18.559,0.6,1.2,9.68528412
2024-12-07 14:34:18.598,0.6,1.2,9.68528412
2024-12-07 14:34:18.632,0.6,1.2,9.68528412
2024-12-07 14:34:18.654,0.6,1.2,9.68528412
2024-12-07 14:34:18.691,0.6,1.2,9.68528412
2024-12-07 14:34:18.733,0.6,1.2,9.68528412
2024-12-07 14:34:18.772,0.6,1.2,9.75657264
2024-12-07 14:34:18.795,0.6,1.2,9.75657264
2024-12-07 14:34:18.837,0.6,1.2,9.75657264
2024-12-07 14:34:18.860,0.6,1.2,9.75657264
2024-12-07 14:34:18.881,0.6,1.2,9.75657264
2024-12-07 14:34:18.916,0.6,1.2,9.75657264
2024-12-07 14:34:18.941,0.6,1.2,9.75657264
2024-12-07 14:34:18.981,0.6,1.2,9.75657264
2024-12-07 14:34:19.021,0.6,1.2,9.75657264
2024-12-07 14:34:19.061,0.6,1.2,9.82781508
2024-12-07 14:34:19.099,0.6,1.2,9.82781508
2024-12-07 14:34:19.139,0.6,1.2,9.82781508
2024-12-07 14:34:19.181,0.6,1.2,9.82781508
2024-12-07 14:34:19.222,0.6,1.2,9.82781508
2024-12-07 14:34:19.262,0.6,1.2,9.82781508
2024-12-07 14:34:19.300,0.6,1.2,9.88714858
2024-12-07 14:34:19.340,0.6,1.2,9.88714858
2024-12-07 14:34:19.379,0.6,1.2,9.88714858
2024-12-07 14:34:19.417,0.6,1.2,9.88714858
2024-12-07 14:34:19.456,0.6,1.2,9.88714858
2024-12-07 14:34:19.499,0.6,1.2,9.88714858
2024-12-07 14:34:19.533,0.6,1.2,9.88714858
2024-12-07 14:34:19.559,0.6,1.2,9.88714858
2024-12-07 14:34:19.598,0.6,1.2,9.958306539999999
2024-12-07 14:34:19.639,0.6,1.2,9.88714858
2024-12-07 14:34:19.679,0.6,1.2,9.88714858
2024-12-07 14:34:19.718,0.6,1.2,9.958306539999999
2024-12-07 14:34:19.757,0.6,1.2,9.88714858
2024-12-07 14:34:19.797,0.6,1.2,9.88714858
2024-12-07 14:34:19.832,0.6,1.2,9.88714858
2024-12-07 14:34:19.858,0.6,1.2,9.958306539999999
2024-12-07 14:34:19.901,0.6,1.2,9.88714858
2024-12-07 14:34:19.940,0.6,1.2,9.88714858
2024-12-07 14:34:19.980,0.6,1.2,9.958306539999999
2024-12-07 14:34:20.019,0.6,1.2,9.958306539999999
2024-12-07 14:34:20.057,0.6,1.2,9.958306539999999
2024-12-07 14:34:20.097,0.6,1.2,9.958306539999999
2024-12-07 14:34:20.136,0.6,1.2,9.958306539999999
2024-12-07 14:34:20.182,0.6,1.2,9.958306539999999
2024-12-07 14:34:20.223,0.6,1.2,9.88714858
2024-12-07 14:34:20.268,0.6,1.2,9.958306539999999
2024-12-07 14:34:20.307,0.6,1.2,9.958306539999999
2024-12-07 14:34:20.347,0.6,1.2,9.958306539999999
2024-12-07 14:34:20.388,0.6,1.2,9.958306539999999
2024-12-07 14:34:20.427,0.6,1.2,9.958306539999999
2024-12-07 14:34:20.465,0.6,1.2,9.958306539999999
2024-12-07 14:34:20.506,0.6,1.2,10.02941842
2024-12-07 14:34:20.550,0.6,1.2,9.958306539999999
2024-12-07 14:34:20.592,0.6,1.2,9.958306539999999
2024-12-07 14:34:20.631,0.6,1.2,9.958306539999999
2024-12-07 14:34:20.676,0.6,1.2,9.958306539999999
2024-12-07 14:34:20.717,0.6,1.2,10.02941842
2024-12-07 14:34:20.753,0.6,1.2,10.02941842
2024-12-07 14:34:20.792,0.6,1.2,10.02941842
2024-12-07 14:34:20.826,0.6,1.2,10.02941842
2024-12-07 14:34:20.865,0.6,1.2,10.02941842
2024-12-07 14:34:20.889,0.6,1.2,10.02941842
2024-12-07 14:34:20.925,0.6,1.2,10.02941842
2024-12-07 14:34:20.968,0.6,1.2,10.088643119999999
2024-12-07 14:34:20.996,0.6,1.2,10.02941842
2024-12-07 14:34:21.035,0.6,1.2,10.02941842
2024-12-07 14:34:21.056,0.6,1.2,10.088643119999999
2024-12-07 14:34:21.091,0.6,1.2,10.02941842
2024-12-07 14:34:21.114,0.6,1.2,10.02941842
2024-12-07 14:34:21.150,0.6,1.2,10.088643119999999
2024-12-07 14:34:21.173,0.6,1.2,10.02941842
2024-12-07 14:34:21.207,0.6,1.2,10.088643119999999
2024-12-07 14:34:21.246,0.6,1.2,10.088643119999999
2024-12-07 14:34:21.293,0.6,1.2,10.02941842
2024-12-07 14:34:21.333,0.6,1.2,10.088643119999999
2024-12-07 14:34:21.369,0.6,1.2,10.088643119999999
2024-12-07 14:34:21.407,0.6,1.2,10.088643119999999
2024-12-07 14:34:21.446,0.6,1.2,10.088643119999999
2024-12-07 14:34:21.487,0.6,1.2,10.15967052
2024-12-07 14:34:21.507,0.6,1.2,10.15967052
2024-12-07 14:34:21.543,0.6,1.2,10.15967052
2024-12-07 14:34:21.566,0.6,1.2,10.15967052
2024-12-07 14:34:21.604,0.6,1.2,10.15967052
2024-12-07 14:34:21.640,0.6,1.2,10.15967052
2024-12-07 14:34:21.682,0.6,1.2,10.15967052
2024-12-07 14:34:21.722,0.6,1.2,10.15967052
2024-12-07 14:34:21.763,0.6,1.2,10.15967052
2024-12-07 14:34:21.804,0.6,1.2,10.21882482
2024-12-07 14:34:21.827,0.6,1.2,10.15967052
2024-12-07 14:34:21.861,0.6,1.2,10.21882482
2024-12-07 14:34:21.884,0.6,1.2,10.21882482
2024-12-07 14:34:21.918,0.6,1.2,10.15967052
2024-12-07 14:34:21.957,0.6,1.2,10.21882482
2024-12-07 14:34:21.996,0.6,1.2,10.15967052
2024-12-07 14:34:22.035,0.6,1.2,10.15967052
2024-12-07 14:34:22.058,0.6,1.2,10.21882482
2024-12-07 14:34:22.093,0.6,1.2,10.15967052
2024-12-07 14:34:22.117,0.6,1.2,10.15967052
2024-12-07 14:34:22.151,0.6,1.2,10.21882482
2024-12-07 14:34:22.177,0.6,1.2,10.21882482
2024-12-07 14:34:22.198,0.6,1.2,10.15967052
2024-12-07 14:34:22.232,0.6,1.2,10.21882482
2024-12-07 14:34:22.255,0.6,1.2,10.21882482
2024-12-07 14:34:22.276,0.6,1.2,10.21882482
2024-12-07 14:34:22.311,0.6,1.2,10.21882482
2024-12-07 14:34:22.336,0.6,1.2,10.21882482
2024-12-07 14:34:22.374,0.6,1.2,10.21882482
2024-12-07 14:34:22.418,0.6,1.2,10.15967052
2024-12-07 14:34:22.460,0.6,1.2,10.21882482
2024-12-07 14:34:22.497,0.6,1.2,10.21882482
2024-12-07 14:34:22.520,0.6,1.2,10.21882482
2024-12-07 14:34:22.556,0.6,1.2,10.21882482
2024-12-07 14:34:22.580,0.6,1.2,10.21882482
2024-12-07 14:34:22.601,0.6,1.2,10.21882482
2024-12-07 14:34:22.641,0.6,1.2,10.21882482
2024-12-07 14:34:22.681,0.6,1.2,10.21882482
2024-12-07 14:34:22.721,0.6,1.2,10.21882482
2024-12-07 14:34:22.763,0.6,1.2,10.15967052
2024-12-07 14:34:22.805,0.6,1.2,10.15967052
2024-12-07 14:34:22.849,0.6,1.2,10.15967052
2024-12-07 14:34:22.892,0.6,1.2,10.21882482
2024-12-07 14:34:22.932,0.6,1.2,10.21882482
2024-12-07 14:34:22.973,0.6,1.2,10.21882482
2024-12-07 14:34:23.010,0.6,1.2,10.21882482
2024-12-07 14:34:23.045,0.6,1.2,10.21882482
2024-12-07 14:34:23.083,0.6,1.2,10.21882482
2024-12-07 14:34:23.122,0.6,1.2,10.289767739999998
2024-12-07 14:34:23.163,0.6,1.2,10.289767739999998
2024-12-07 14:34:23.197,0.6,1.2,10.289767739999998
2024-12-07 14:34:23.223,0.6,1.2,10.21882482
2024-12-07 14:34:23.257,0.6,1.2,10.289767739999998
2024-12-07 14:34:23.282,0.6,1.2,10.289767739999998
2024-12-07 14:34:23.322,0.6,1.2,10.289767739999998
2024-12-07 14:34:23.360,0.6,1.2,10.21882482
2024-12-07 14:34:23.395,0.6,1.2,10.21882482
2024-12-07 14:34:23.417,0.6,1.2,10.289767739999998
2024-12-07 14:34:23.451,0.6,1.2,10.289767739999998
2024-12-07 14:34:23.490,0.6,1.2,10.289767739999998
2024-12-07 14:34:23.531,0.6,1.2,10.289767739999998
2024-12-07 14:34:23.571,0.6,1.2,10.36066458
2024-12-07 14:34:23.615,0.6,1.2,10.36066458
2024-12-07 14:34:23.656,0.6,1.2,10.36066458
2024-12-07 14:34:23.678,0.6,1.2,10.36066458
2024-12-07 14:34:23.713,0.6,1.2,10.36066458
2024-12-07 14:34:23.741,0.6,1.2,10.36066458
2024-12-07 14:34:23.781,0.6,1.2,10.36066458
2024-12-07 14:34:23.817,0.6,1.2,10.36066458
2024-12-07 14:34:23.841,0.6,1.2,10.36066458
2024-12-07 14:34:23.883,0.6,1.2,10.36066458
2024-12-07 14:34:23.923,0.6,1.2,10.36066458
2024-12-07 14:34:23.964,0.6,1.2,10.36066458
2024-12-07 14:34:24.004,0.6,1.2,10.41971008
2024-12-07 14:34:24.048,0.6,1.2,10.36066458
2024-12-07 14:34:24.088,0.6,1.2,10.36066458
2024-12-07 14:34:24.130,0.6,1.2,10.36066458
2024-12-07 14:34:24.170,0.6,1.2,10.41971008
2024-12-07 14:34:24.206,0.6,1.2,10.36066458
2024-12-07 14:34:24.242,0.6,1.2,10.41971008
2024-12-07 14:34:24.282,0.6,1.2,10.41971008
2024-12-07 14:34:24.320,0.6,1.2,10.41971008
2024-12-07 14:34:24.356,0.6,1.2,10.41971008
2024-12-07 14:34:24.381,0.6,1.2,10.36066458
2024-12-07 14:34:24.423,0.6,1.2,10.41971008
2024-12-07 14:34:24.457,0.6,1.2,10.41971008
2024-12-07 14:34:24.483,0.6,1.2,10.41971008
2024-12-07 14:34:24.521,0.6,1.2,10.41971008
2024-12-07 14:34:24.557,0.6,1.2,10.289767739999998
2024-12-07 14:34:24.580,0.6,1.2,10.36066458
2024-12-07 14:34:24.615,0.6,1.2,10.41971008
2024-12-07 14:34:24.639,0.6,1.2,10.36066458
2024-12-07 14:34:24.674,0.6,1.2,10.41971008
2024-12-07 14:34:24.711,0.6,1.2,10.41971008
2024-12-07 14:34:24.736,0.6,1.2,10.41971008
2024-12-07 14:34:24.775,0.6,1.2,10.41971008
2024-12-07 14:34:24.818,0.6,1.2,10.41971008
2024-12-07 14:34:24.856,0.6,1.2,10.41971008
2024-12-07 14:34:24.879,0.6,1.2,10.41971008
2024-12-07 14:34:24.914,0.6,1.2,10.490522440000001
2024-12-07 14:34:24.938,0.6,1.2,10.41971008
2024-12-07 14:34:24.972,0.6,1.2,10.41971008
2024-12-07 14:34:24.997,0.6,1.2,10.41971008
2024-12-07 14:34:25.037,0.6,1.2,10.41971008
2024-12-07 14:34:25.077,0.6,1.2,10.41971008
2024-12-07 14:34:25.117,0.6,1.2,10.490522440000001
2024-12-07 14:34:25.158,0.6,1.2,10.490522440000001
2024-12-07 14:34:25.198,0.6,1.2,10.490522440000001
2024-12-07 14:34:25.244,0.6,1.2,10.490522440000001
2024-12-07 14:34:25.285,0.6,1.2,10.56128872
2024-12-07 14:34:25.325,0.6,1.2,10.56128872
2024-12-07 14:34:25.365,0.6,1.2,10.56128872
2024-12-07 14:34:25.403,0.6,1.2,10.56128872
2024-12-07 14:34:25.443,0.6,1.2,10.490522440000001
2024-12-07 14:34:25.483,0.6,1.2,10.56128872
2024-12-07 14:34:25.524,0.6,1.2,10.620225419999999
2024-12-07 14:34:25.564,0.6,1.2,10.620225419999999
2024-12-07 14:34:25.603,0.6,1.2,10.620225419999999
2024-12-07 14:34:25.642,0.6,1.2,10.620225419999999
2024-12-07 14:34:25.683,0.6,1.2,10.620225419999999
2024-12-07 14:34:25.722,0.6,1.2,10.620225419999999
2024-12-07 14:34:25.761,0.6,1.2,10.69090722
2024-12-07 14:34:25.796,0.6,1.2,10.69090722
2024-12-07 14:34:25.820,0.6,1.2,10.620225419999999
2024-12-07 14:34:25.855,0.6,1.2,10.69090722
2024-12-07 14:34:25.879,0.6,1.2,10.69090722
2024-12-07 14:34:25.916,0.6,1.2,10.69090722
2024-12-07 14:34:25.938,0.6,1.2,10.74977352
2024-12-07 14:34:25.973,0.6,1.2,10.69090722
2024-12-07 14:34:25.996,0.6,1.2,10.69090722
2024-12-07 14:34:26.032,0.6,1.2,10.69090722
2024-12-07 14:34:26.056,0.6,1.2,10.69090722
2024-12-07 14:34:26.090,0.6,1.2,10.69090722
2024-12-07 14:34:26.114,0.6,1.2,10.620225419999999
2024-12-07 14:34:26.151,0.6,1.2,10.620225419999999
2024-12-07 14:34:26.178,0.6,1.2,10.620225419999999
2024-12-07 14:34:26.218,0.6,1.2,10.69090722
2024-12-07 14:34:26.242,0.6,1.2,10.620225419999999
2024-12-07 14:34:26.279,0.6,1.2,10.69090722
2024-12-07 14:34:26.302,0.6,1.2,10.69090722
2024-12-07 14:34:26.337,0.6,1.2,10.69090722
2024-12-07 14:34:26.362,0.6,1.2,10.69090722
2024-12-07 14:34:26.397,0.6,1.2,10.69090722
2024-12-07 14:34:26.421,0.6,1.2,10.69090722
2024-12-07 14:34:26.455,0.6,1.2,10.69090722
2024-12-07 14:34:26.479,0.6,1.2,10.69090722
2024-12-07 14:34:26.519,0.6,1.2,10.74977352
2024-12-07 14:34:26.558,0.6,1.2,10.69090722
2024-12-07 14:34:26.596,0.6,1.2,10.69090722
2024-12-07 14:34:26.638,0.6,1.2,10.69090722
2024-12-07 14:34:26.679,0.6,1.2,10.74977352
2024-12-07 14:34:26.720,0.6,1.2,10.74977352
2024-12-07 14:34:26.760,0.6,1.2,10.69090722
2024-12-07 14:34:26.800,0.6,1.2,10.820370839999999
2024-12-07 14:34:26.836,0.6,1.2,10.74977352
2024-12-07 14:34:26.873,0.6,1.2,10.74977352
2024-12-07 14:34:26.914,0.6,1.2,10.820370839999999
2024-12-07 14:34:26.954,0.6,1.2,10.74977352
2024-12-07 14:34:26.995,0.6,1.2,10.820370839999999
2024-12-07 14:34:27.039,0.6,1.2,10.820370839999999
2024-12-07 14:34:27.079,0.6,1.2,10.890922080000001
2024-12-07 14:34:27.122,0.6,1.2,10.890922080000001
2024-12-07 14:34:27.160,0.6,1.2,10.890922080000001
2024-12-07 14:34:27.198,0.6,1.2,10.94967958
2024-12-07 14:34:27.239,0.6,1.2,10.890922080000001
2024-12-07 14:34:27.279,0.6,1.2,10.820370839999999
2024-12-07 14:34:27.319,0.6,1.2,10.94967958
2024-12-07 14:34:27.360,0.6,1.2,10.620225419999999
2024-12-07 14:34:27.399,0.6,1.2,11.149215719999999
2024-12-07 14:34:27.442,0.6,1.2,10.820370839999999
2024-12-07 14:34:27.487,0.6,1.2,11.02014634
2024-12-07 14:34:27.527,0.6,1.2,11.02014634
2024-12-07 14:34:27.568,0.6,1.2,10.94967958
2024-12-07 14:34:27.606,0.6,1.2,10.94967958
2024-12-07 14:34:27.645,0.6,1.2,10.94967958
2024-12-07 14:34:27.684,0.6,1.2,10.890922080000001
2024-12-07 14:34:27.724,0.6,1.2,11.02014634
2024-12-07 14:34:27.765,0.6,1.2,11.02014634
2024-12-07 14:34:27.809,0.6,1.2,10.94967958
2024-12-07 14:34:27.855,0.6,1.2,11.09056702
2024-12-07 14:34:27.898,0.6,1.2,11.02014634
2024-12-07 14:34:27.937,0.6,1.2,11.09056702
2024-12-07 14:34:27.977,0.6,1.2,11.09056702
2024-12-07 14:34:28.011,0.6,1.2,11.09056702
2024-12-07 14:34:28.046,0.6,1.2,11.09056702
2024-12-07 14:34:28.070,0.6,1.2,11.09056702
2024-12-07 14:34:28.106,0.6,1.2,11.09056702
2024-12-07 14:34:28.128,0.6,1.2,11.02014634
2024-12-07 14:34:28.164,0.6,1.2,11.09056702
2024-12-07 14:34:28.188,0.6,1.2,11.09056702
2024-12-07 14:34:28.225,0.6,1.2,11.09056702
2024-12-07 14:34:28.247,0.6,1.2,11.149215719999999
2024-12-07 14:34:28.282,0.6,1.2,11.149215719999999
2024-12-07 14:34:28.306,0.6,1.2,11.149215719999999
2024-12-07 14:34:28.341,0.6,1.2,11.149215719999999
2024-12-07 14:34:28.366,0.6,1.2,11.09056702
2024-12-07 14:34:28.403,0.6,1.2,11.09056702
2024-12-07 14:34:28.427,0.6,1.2,11.09056702
2024-12-07 14:34:28.463,0.6,1.2,11.09056702
2024-12-07 14:34:28.486,0.6,1.2,11.149215719999999
2024-12-07 14:34:28.524,0.6,1.2,11.149215719999999
2024-12-07 14:34:28.562,0.6,1.2,11.149215719999999
2024-12-07 14:34:28.600,0.6,1.2,11.149215719999999
2024-12-07 14:34:28.638,0.6,1.2,11.149215719999999
2024-12-07 14:34:28.679,0.6,1.2,11.149215719999999
2024-12-07 14:34:28.722,0.6,1.2,11.21955192
2024-12-07 14:34:28.765,0.6,1.2,11.21955192
2024-12-07 14:34:28.787,0.6,1.2,11.21955192
2024-12-07 14:34:28.828,0.6,1.2,11.21955192
2024-12-07 14:34:28.851,0.6,1.2,11.21955192
2024-12-07 14:34:28.891,0.6,1.2,11.21955192
2024-12-07 14:34:28.912,0.6,1.2,11.27813022
2024-12-07 14:34:28.955,0.6,1.2,11.27813022
2024-12-07 14:34:28.978,0.6,1.2,11.27813022
2024-12-07 14:34:29.019,0.6,1.2,11.21955192
2024-12-07 14:34:29.040,0.6,1.2,11.21955192
2024-12-07 14:34:29.079,0.6,1.2,11.27813022
2024-12-07 14:34:29.099,0.6,1.2,11.21955192
2024-12-07 14:34:29.134,0.6,1.2,11.21955192
2024-12-07 14:34:29.157,0.6,1.2,11.27813022
2024-12-07 14:34:29.178,0.6,1.2,11.27813022
2024-12-07 14:34:29.216,0.6,1.2,11.27813022
2024-12-07 14:34:29.237,0.6,1.2,11.27813022
2024-12-07 14:34:29.273,0.6,1.2,11.27813022
2024-12-07 14:34:29.314,0.6,1.2,11.27813022
2024-12-07 14:34:29.356,0.6,1.2,11.21955192
2024-12-07 14:34:29.397,0.6,1.2,11.27813022
2024-12-07 14:34:29.440,0.6,1.2,11.27813022
2024-12-07 14:34:29.477,0.6,1.2,11.21955192
2024-12-07 14:34:29.514,0.6,1.2,11.41858758
2024-12-07 14:34:29.535,0.6,1.2,11.348381940000001
2024-12-07 14:34:29.571,0.6,1.2,11.21955192
2024-12-07 14:34:29.593,0.6,1.2,11.21955192
2024-12-07 14:34:29.627,0.6,1.2,11.348381940000001
2024-12-07 14:34:29.665,0.6,1.2,11.27813022
2024-12-07 14:34:29.701,0.6,1.2,11.348381940000001
2024-12-07 14:34:29.740,0.6,1.2,11.348381940000001
2024-12-07 14:34:29.782,0.6,1.2,11.41858758
2024-12-07 14:34:29.823,0.6,1.2,11.41858758
2024-12-07 14:34:29.864,0.6,1.2,11.348381940000001
2024-12-07 14:34:29.904,0.6,1.2,11.27813022
2024-12-07 14:34:29.944,0.6,1.2,11.27813022
2024-12-07 14:34:29.981,0.6,1.2,11.27813022
2024-12-07 14:34:30.020,0.6,1.2,11.348381940000001
2024-12-07 14:34:30.055,0.6,1.2,11.348381940000001
2024-12-07 14:34:30.095,0.6,1.2,11.348381940000001
2024-12-07 14:34:30.134,0.6,1.2,11.348381940000001
2024-12-07 14:34:30.176,0.6,1.2,11.348381940000001
2024-12-07 14:34:30.197,0.6,1.2,11.348381940000001
2024-12-07 14:34:30.236,0.6,1.2,11.41858758
2024-12-07 14:34:30.260,0.6,1.2,11.348381940000001
2024-12-07 14:34:30.304,0.6,1.2,11.47705708
2024-12-07 14:34:30.347,0.6,1.2,11.41858758
2024-12-07 14:34:30.382,0.6,1.2,11.41858758
2024-12-07 14:34:30.409,0.6,1.2,11.41858758
2024-12-07 14:34:30.454,0.6,1.2,11.41858758
2024-12-07 14:34:30.492,0.6,1.2,11.41858758
2024-12-07 14:34:30.515,0.6,1.2,11.41858758
2024-12-07 14:34:30.550,0.6,1.2,11.41858758
2024-12-07 14:34:30.573,0.6,1.2,11.41858758
2024-12-07 14:34:30.608,0.6,1.2,11.41858758
2024-12-07 14:34:30.633,0.6,1.2,11.41858758
2024-12-07 14:34:30.670,0.6,1.2,11.41858758
2024-12-07 14:34:30.696,0.6,1.2,11.41858758
2024-12-07 14:34:30.737,0.6,1.2,11.41858758
2024-12-07 14:34:30.781,0.6,1.2,11.41858758
2024-12-07 14:34:30.827,0.6,1.2,11.47705708
2024-12-07 14:34:30.869,0.6,1.2,11.47705708
2024-12-07 14:34:30.910,0.6,1.2,11.47705708
2024-12-07 14:34:30.948,0.6,1.2,11.47705708
2024-12-07 14:34:30.984,0.6,1.2,11.47705708
2024-12-07 14:34:31.018,0.6,1.2,11.47705708
2024-12-07 14:34:31.041,0.6,1.2,11.547178240000001
2024-12-07 14:34:31.077,0.6,1.2,11.47705708
2024-12-07 14:34:31.113,0.6,1.2,11.547178240000001
2024-12-07 14:34:31.153,0.6,1.2,11.41858758
2024-12-07 14:34:31.194,0.6,1.2,11.47705708
2024-12-07 14:34:31.234,0.6,1.2,11.41858758
2024-12-07 14:34:31.258,0.6,1.2,11.41858758
2024-12-07 14:34:31.293,0.6,1.2,11.41858758
2024-12-07 14:34:31.333,0.6,1.2,11.547178240000001
2024-12-07 14:34:31.369,0.6,1.2,11.61725332
2024-12-07 14:34:31.404,0.6,1.2,11.61725332
2024-12-07 14:34:31.445,0.6,1.2,11.61725332
2024-12-07 14:34:31.466,0.6,1.2,11.547178240000001
2024-12-07 14:34:31.502,0.6,1.2,11.547178240000001
2024-12-07 14:34:31.544,0.6,1.2,11.547178240000001
2024-12-07 14:34:31.583,0.6,1.2,11.547178240000001
2024-12-07 14:34:31.606,0.6,1.2,11.547178240000001
2024-12-07 14:34:31.641,0.6,1.2,11.47705708
2024-12-07 14:34:31.664,0.6,1.2,11.547178240000001
2024-12-07 14:34:31.706,0.6,1.2,11.47705708
2024-12-07 14:34:31.745,0.6,1.2,11.547178240000001
2024-12-07 14:34:31.782,0.6,1.2,11.547178240000001
2024-12-07 14:34:31.822,0.6,1.2,11.47705708
2024-12-07 14:34:31.863,0.6,1.2,11.61725332
2024-12-07 14:34:31.905,0.6,1.2,11.61725332
2024-12-07 14:34:31.946,0.6,1.2,11.547178240000001
2024-12-07 14:34:31.989,0.6,1.2,11.61725332
2024-12-07 14:34:32.033,0.6,1.2,11.547178240000001
2024-12-07 14:34:32.056,0.6,1.2,11.547178240000001
2024-12-07 14:34:32.091,0.6,1.2,11.547178240000001
2024-12-07 14:34:32.113,0.6,1.2,11.61725332
2024-12-07 14:34:32.134,0.6,1.2,11.547178240000001
2024-12-07 14:34:32.171,0.6,1.2,11.547178240000001
2024-12-07 14:34:32.206,0.6,1.2,11.547178240000001
2024-12-07 14:34:32.230,0.6,1.2,11.547178240000001
2024-12-07 14:34:32.266,0.6,1.2,11.547178240000001
2024-12-07 14:34:32.290,0.6,1.2,11.47705708
2024-12-07 14:34:32.312,0.6,1.2,11.547178240000001
2024-12-07 14:34:32.351,0.6,1.2,11.61725332
2024-12-07 14:34:32.387,0.6,1.2,11.547178240000001
2024-12-07 14:34:32.413,0.6,1.2,11.61725332
2024-12-07 14:34:32.451,0.6,1.2,11.675614020000001
2024-12-07 14:34:32.478,0.6,1.2,11.47705708
2024-12-07 14:34:32.519,0.6,1.2,11.41858758
2024-12-07 14:34:32.544,0.6,1.2,11.61725332
2024-12-07 14:34:32.587,0.6,1.2,11.47705708
2024-12-07 14:34:32.622,0.6,1.2,11.547178240000001
2024-12-07 14:34:32.644,0.6,1.2,11.675614020000001
2024-12-07 14:34:32.682,0.6,1.2,11.61725332
2024-12-07 14:34:32.704,0.6,1.2,11.61725332
2024-12-07 14:34:32.739,0.6,1.2,11.61725332
2024-12-07 14:34:32.762,0.6,1.2,11.61725332
2024-12-07 14:34:32.796,0.6,1.2,11.47705708
2024-12-07 14:34:32.834,0.6,1.2,11.61725332
2024-12-07 14:34:32.870,0.6,1.2,11.547178240000001
2024-12-07 14:34:32.911,0.6,1.2,11.61725332
2024-12-07 14:34:32.950,0.6,1.2,11.547178240000001
2024-12-07 14:34:32.970,0.6,1.2,11.547178240000001
2024-12-07 14:34:33.008,0.6,1.2,11.61725332
2024-12-07 14:34:33.028,0.6,1.2,11.61725332
2024-12-07 14:34:33.070,0.6,1.2,11.547178240000001
2024-12-07 14:34:33.110,0.6,1.2,11.61725332
2024-12-07 14:34:33.132,0.6,1.2,11.547178240000001
2024-12-07 14:34:33.167,0.6,1.2,11.547178240000001
2024-12-07 14:34:33.202,0.6,1.2,11.547178240000001
2024-12-07 14:34:33.236,0.6,1.2,11.675614020000001
2024-12-07 14:34:33.270,0.6,1.2,11.74560462
2024-12-07 14:34:33.295,0.6,1.2,11.547178240000001
2024-12-07 14:34:33.332,0.6,1.2,11.61725332
2024-12-07 14:34:33.366,0.6,1.2,11.547178240000001
2024-12-07 14:34:33.391,0.6,1.2,11.61725332
2024-12-07 14:34:33.436,0.6,1.2,11.61725332
2024-12-07 14:34:33.483,0.6,1.2,11.61725332
2024-12-07 14:34:33.528,0.6,1.2,11.61725332
2024-12-07 14:34:33.565,0.6,1.2,11.61725332
2024-12-07 14:34:33.606,0.6,1.2,11.61725332
2024-12-07 14:34:33.647,0.6,1.2,11.547178240000001
2024-12-07 14:34:33.670,0.6,1.2,11.61725332
2024-12-07 14:34:33.709,0.6,1.2,11.675614020000001
2024-12-07 14:34:33.747,0.6,1.2,11.547178240000001
2024-12-07 14:34:33.789,0.6,1.2,11.675614020000001
2024-12-07 14:34:33.811,0.6,1.2,11.61725332
2024-12-07 14:34:33.851,0.6,1.2,11.547178240000001
2024-12-07 14:34:33.894,0.6,1.2,11.61725332
2024-12-07 14:34:33.938,0.6,1.2,11.547178240000001
2024-12-07 14:34:33.979,0.6,1.2,11.547178240000001
2024-12-07 14:34:34.001,0.6,1.2,11.547178240000001
2024-12-07 14:34:34.045,0.6,1.2,11.61725332
2024-12-07 14:34:34.082,0.6,1.2,11.61725332
2024-12-07 14:34:34.120,0.6,1.2,11.61725332
2024-12-07 14:34:34.154,0.6,1.2,11.675614020000001
2024-12-07 14:34:34.191,0.6,1.2,11.675614020000001
2024-12-07 14:34:34.214,0.6,1.2,11.675614020000001
2024-12-07 14:34:34.253,0.6,1.2,11.675614020000001
2024-12-07 14:34:34.278,0.6,1.2,11.675614020000001
2024-12-07 14:34:34.312,0.6,1.2,11.675614020000001
2024-12-07 14:34:34.339,0.6,1.2,11.61725332
2024-12-07 14:34:34.375,0.6,1.2,11.675614020000001
2024-12-07 14:34:34.414,0.6,1.2,11.74560462
2024-12-07 14:34:34.440,0.6,1.2,11.675614020000001
2024-12-07 14:34:34.475,0.6,1.2,11.675614020000001
2024-12-07 14:34:34.516,0.6,1.2,11.61725332
2024-12-07 14:34:34.555,0.6,1.2,11.61725332
2024-12-07 14:34:34.595,0.6,1.2,11.61725332
2024-12-07 14:34:34.635,0.6,1.2,11.61725332
2024-12-07 14:34:34.674,0.6,1.2,11.61725332
2024-12-07 14:34:34.710,0.6,1.2,11.61725332
2024-12-07 14:34:34.731,0.6,1.2,11.61725332
2024-12-07 14:34:34.770,0.6,1.2,11.675614020000001
2024-12-07 14:34:34.810,0.6,1.2,11.675614020000001
2024-12-07 14:34:34.851,0.6,1.2,11.675614020000001
2024-12-07 14:34:34.891,0.6,1.2,11.61725332
2024-12-07 14:34:34.930,0.6,1.2,11.675614020000001
2024-12-07 14:34:34.971,0.6,1.2,11.675614020000001
2024-12-07 14:34:35.010,0.6,1.2,11.74560462
2024-12-07 14:34:35.052,0.6,1.2,11.61725332
2024-12-07 14:34:35.095,0.6,1.2,11.675614020000001
2024-12-07 14:34:35.136,0.6,1.2,11.675614020000001
2024-12-07 14:34:35.176,0.6,1.2,11.61725332
2024-12-07 14:34:35.217,0.6,1.2,11.675614020000001
2024-12-07 14:34:35.260,0.6,1.2,11.675614020000001
2024-12-07 14:34:35.301,0.6,1.2,11.675614020000001
2024-12-07 14:34:35.339,0.6,1.2,11.675614020000001
2024-12-07 14:34:35.378,0.6,1.2,11.675614020000001
2024-12-07 14:34:35.416,0.6,1.2,11.675614020000001
2024-12-07 14:34:35.456,0.6,1.2,11.61725332
2024-12-07 14:34:35.495,0.6,1.2,11.675614020000001
2024-12-07 14:34:35.532,0.6,1.2,11.675614020000001
2024-12-07 14:34:35.571,0.6,1.2,11.675614020000001
2024-12-07 14:34:35.610,0.6,1.2,11.74560462
2024-12-07 14:34:35.645,0.6,1.2,11.74560462
2024-12-07 14:34:35.684,0.6,1.2,11.675614020000001
2024-12-07 14:34:35.725,0.6,1.2,11.675614020000001
2024-12-07 14:34:35.768,0.6,1.2,11.74560462
2024-12-07 14:34:35.804,0.6,1.2,11.74560462
2024-12-07 14:34:35.841,0.6,1.2,11.74560462
2024-12-07 14:34:35.883,0.6,1.2,11.675614020000001
2024-12-07 14:34:35.921,0.6,1.2,11.675614020000001
2024-12-07 14:34:35.962,0.6,1.2,11.675614020000001
2024-12-07 14:34:36.002,0.6,1.2,11.675614020000001
2024-12-07 14:34:36.044,0.6,1.2,11.675614020000001
2024-12-07 14:34:36.085,0.6,1.2,11.675614020000001
2024-12-07 14:34:36.124,0.6,1.2,11.74560462
2024-12-07 14:34:36.165,0.6,1.2,11.74560462
2024-12-07 14:34:36.204,0.6,1.2,11.74560462
2024-12-07 14:34:36.225,0.6,1.2,11.74560462
2024-12-07 14:34:36.260,0.6,1.2,11.74560462
2024-12-07 14:34:36.284,0.6,1.2,11.74560462
2024-12-07 14:34:36.321,0.6,1.2,11.74560462
2024-12-07 14:34:36.343,0.6,1.2,11.675614020000001
2024-12-07 14:34:36.379,0.6,1.2,11.74560462
2024-12-07 14:34:36.422,0.6,1.2,11.74560462
2024-12-07 14:34:36.463,0.6,1.2,11.74560462
2024-12-07 14:34:36.499,0.6,1.2,11.74560462
2024-12-07 14:34:36.523,0.6,1.2,11.74560462
2024-12-07 14:34:36.566,0.6,1.2,11.74560462
2024-12-07 14:34:36.602,0.6,1.2,11.74560462
2024-12-07 14:34:36.625,0.6,1.2,11.74560462
2024-12-07 14:34:36.661,0.6,1.2,11.675614020000001
2024-12-07 14:34:36.685,0.6,1.2,11.675614020000001
2024-12-07 14:34:36.721,0.6,1.2,11.61725332
2024-12-07 14:34:36.744,0.6,1.2,11.61725332
2024-12-07 14:34:36.779,0.6,1.2,11.675614020000001
2024-12-07 14:34:36.805,0.6,1.2,11.675614020000001
2024-12-07 14:34:36.845,0.6,1.2,11.675614020000001
2024-12-07 14:34:36.868,0.6,1.2,11.675614020000001
2024-12-07 14:34:36.904,0.6,1.2,11.74560462
2024-12-07 14:34:36.929,0.6,1.2,11.74560462
2024-12-07 14:34:36.968,0.6,1.2,11.675614020000001
2024-12-07 14:34:36.994,0.6,1.2,11.74560462
2024-12-07 14:34:37.036,0.6,1.2,11.675614020000001
2024-12-07 14:34:37.079,0.6,1.2,11.675614020000001
2024-12-07 14:34:37.125,0.6,1.2,11.675614020000001
2024-12-07 14:34:37.167,0.6,1.2,11.74560462
2024-12-07 14:34:37.204,0.6,1.2,11.74560462
2024-12-07 14:34:37.247,0.6,1.2,11.74560462
2024-12-07 14:34:37.286,0.6,1.2,11.74560462
2024-12-07 14:34:37.308,0.6,1.2,11.675614020000001
2024-12-07 14:34:37.349,0.6,1.2,11.675614020000001
2024-12-07 14:34:37.393,0.6,1.2,11.675614020000001
2024-12-07 14:34:37.433,0.6,1.2,11.74560462
2024-12-07 14:34:37.472,0.6,1.2,11.74560462
2024-12-07 14:34:37.493,0.6,1.2,11.74560462
2024-12-07 14:34:37.527,0.6,1.2,11.74560462
2024-12-07 14:34:37.549,0.6,1.2,11.74560462
2024-12-07 14:34:37.587,0.6,1.2,11.74560462
2024-12-07 14:34:37.609,0.6,1.2,11.74560462
2024-12-07 14:34:37.645,0.6,1.2,11.74560462
2024-12-07 14:34:37.685,0.6,1.2,11.74560462
2024-12-07 14:34:37.719,0.6,1.2,11.74560462
2024-12-07 14:34:37.754,0.6,1.2,11.80389492
2024-12-07 14:34:37.790,0.6,1.2,11.80389492
2024-12-07 14:34:37.824,0.6,1.2,11.74560462
2024-12-07 14:34:37.847,0.6,1.2,11.74560462
2024-12-07 14:34:37.886,0.6,1.2,11.80389492
2024-12-07 14:34:37.920,0.6,1.2,11.74560462
2024-12-07 14:34:37.944,0.6,1.2,11.74560462
2024-12-07 14:34:37.978,0.6,1.2,11.74560462
2024-12-07 14:34:37.999,0.6,1.2,11.80389492
2024-12-07 14:34:38.020,0.6,1.2,11.80389492
2024-12-07 14:34:38.055,0.6,1.2,11.80389492
2024-12-07 14:34:38.090,0.6,1.2,11.80389492
2024-12-07 14:34:38.131,0.6,1.2,11.80389492
2024-12-07 14:34:38.169,0.6,1.2,11.80389492
2024-12-07 14:34:38.209,0.6,1.2,11.74560462
2024-12-07 14:34:38.231,0.6,1.2,11.74560462
2024-12-07 14:34:38.266,0.6,1.2,11.74560462
2024-12-07 14:34:38.290,0.6,1.2,11.80389492
2024-12-07 14:34:38.327,0.6,1.2,11.80389492
2024-12-07 14:34:38.348,0.6,1.2,11.74560462
2024-12-07 14:34:38.385,0.6,1.2,11.74560462
2024-12-07 14:34:38.410,0.6,1.2,11.80389492
2024-12-07 14:34:38.452,0.6,1.2,11.80389492
2024-12-07 14:34:38.494,0.6,1.2,11.80389492
2024-12-07 14:34:38.538,0.6,1.2,11.80389492
2024-12-07 14:34:38.559,0.6,1.2,11.80389492
2024-12-07 14:34:38.596,0.6,1.2,11.80389492
2024-12-07 14:34:38.618,0.6,1.2,11.80389492
2024-12-07 14:34:38.659,0.6,1.2,11.80389492
2024-12-07 14:34:38.700,0.6,1.2,11.80389492
2024-12-07 14:34:38.744,0.6,1.2,11.80389492
2024-12-07 14:34:38.785,0.6,1.2,11.80389492
2024-12-07 14:34:38.827,0.6,1.2,11.80389492
2024-12-07 14:34:38.867,0.6,1.2,11.74560462
2024-12-07 14:34:38.910,0.6,1.2,11.80389492
2024-12-07 14:34:38.932,0.6,1.2,11.80389492
2024-12-07 14:34:38.973,0.6,1.2,11.87380104
2024-12-07 14:34:38.995,0.6,1.2,11.80389492
2024-12-07 14:34:39.032,0.6,1.2,11.80389492
2024-12-07 14:34:39.053,0.6,1.2,11.80389492
2024-12-07 14:34:39.094,0.6,1.2,11.80389492
2024-12-07 14:34:39.136,0.6,1.2,11.74560462
2024-12-07 14:34:39.178,0.6,1.2,11.74560462
2024-12-07 14:34:39.219,0.6,1.2,11.80389492
2024-12-07 14:34:39.261,0.6,1.2,11.80389492
2024-12-07 14:34:39.303,0.6,1.2,11.80389492
2024-12-07 14:34:39.344,0.6,1.2,11.80389492
2024-12-07 14:34:39.382,0.6,1.2,11.80389492
2024-12-07 14:34:39.402,0.6,1.2,11.80389492
2024-12-07 14:34:39.437,0.6,1.2,11.80389492
2024-12-07 14:34:39.462,0.6,1.2,11.80389492
2024-12-07 14:34:39.504,0.6,1.2,11.87380104
2024-12-07 14:34:39.526,0.6,1.2,11.80389492
2024-12-07 14:34:39.562,0.6,1.2,11.74560462
2024-12-07 14:34:39.585,0.6,1.2,11.74560462
2024-12-07 14:34:39.623,0.6,1.2,11.80389492
2024-12-07 14:34:39.665,0.6,1.2,11.87380104
2024-12-07 14:34:39.705,0.6,1.2,11.80389492
2024-12-07 14:34:39.748,0.6,1.2,11.80389492
2024-12-07 14:34:39.787,0.6,1.2,11.80389492
2024-12-07 14:34:39.824,0.6,1.2,11.80389492
2024-12-07 14:34:39.865,0.6,1.2,11.80389492
2024-12-07 14:34:39.901,0.6,1.2,11.80389492
2024-12-07 14:34:39.939,0.6,1.2,11.80389492
2024-12-07 14:34:39.977,0.6,1.2,11.80389492
2024-12-07 14:34:40.011,0.6,1.2,11.80389492
2024-12-07 14:34:40.034,0.6,1.2,11.80389492
2024-12-07 14:34:40.071,0.6,1.2,11.80389492
2024-12-07 14:34:40.111,0.6,1.2,11.87380104
2024-12-07 14:34:40.147,0.6,1.2,11.87380104
2024-12-07 14:34:40.168,0.6,1.2,11.87380104
2024-12-07 14:34:40.207,0.6,1.2,11.80389492
2024-12-07 14:34:40.228,0.6,1.2,11.87380104
2024-12-07 14:34:40.266,0.6,1.2,11.80389492
2024-12-07 14:34:40.304,0.6,1.2,11.80389492
2024-12-07 14:34:40.342,0.6,1.2,11.80389492
2024-12-07 14:34:40.365,0.6,1.2,11.80389492
2024-12-07 14:34:40.402,0.6,1.2,11.80389492
2024-12-07 14:34:40.439,0.6,1.2,11.87380104
2024-12-07 14:34:40.464,0.6,1.2,11.87380104
2024-12-07 14:34:40.501,0.6,1.2,11.87380104
2024-12-07 14:34:40.536,0.6,1.2,11.87380104
2024-12-07 14:34:40.557,0.6,1.2,11.87380104
2024-12-07 14:34:40.596,0.6,1.2,11.80389492
2024-12-07 14:34:40.634,0.6,1.2,11.87380104
2024-12-07 14:34:40.675,0.6,1.2,11.80389492
2024-12-07 14:34:40.716,0.6,1.2,11.87380104
2024-12-07 14:34:40.758,0.6,1.2,11.87380104
2024-12-07 14:34:40.798,0.6,1.2,11.87380104
2024-12-07 14:34:40.820,0.6,1.2,11.87380104
2024-12-07 14:34:40.856,0.6,1.2,11.80389492
2024-12-07 14:34:40.880,0.6,1.2,11.80389492
2024-12-07 14:34:40.901,0.6,1.2,11.87380104
2024-12-07 14:34:40.938,0.6,1.2,11.87380104
2024-12-07 14:34:40.960,0.6,1.2,11.80389492
2024-12-07 14:34:41.001,0.6,1.2,11.80389492
2024-12-07 14:34:41.039,0.6,1.2,11.87380104
2024-12-07 14:34:41.059,0.6,1.2,11.94366108
2024-12-07 14:34:41.098,0.6,1.2,11.87380104
2024-12-07 14:34:41.139,0.6,1.2,11.87380104
2024-12-07 14:34:41.176,0.6,1.2,11.87380104
2024-12-07 14:34:41.200,0.6,1.2,11.87380104
2024-12-07 14:34:41.241,0.6,1.2,11.87380104
2024-12-07 14:34:41.283,0.6,1.2,11.87380104
2024-12-07 14:34:41.321,0.6,1.2,11.87380104
2024-12-07 14:34:41.362,0.6,1.2,11.87380104
2024-12-07 14:34:41.400,0.6,1.2,11.87380104
2024-12-07 14:34:41.441,0.6,1.2,11.87380104
2024-12-07 14:34:41.483,0.6,1.2,11.87380104
2024-12-07 14:34:41.524,0.6,1.2,11.87380104
2024-12-07 14:34:41.562,0.6,1.2,11.87380104
2024-12-07 14:34:41.598,0.6,1.2,11.87380104
2024-12-07 14:34:41.638,0.6,1.2,11.87380104
2024-12-07 14:34:41.676,0.6,1.2,11.87380104
2024-12-07 14:34:41.714,0.6,1.2,11.94366108
2024-12-07 14:34:41.756,0.6,1.2,11.87380104
2024-12-07 14:34:41.791,0.6,1.2,11.80389492
2024-12-07 14:34:41.815,0.6,1.2,11.87380104
2024-12-07 14:34:41.850,0.6,1.2,11.87380104
2024-12-07 14:34:41.875,0.6,1.2,11.87380104
2024-12-07 14:34:41.915,0.6,1.2,11.80389492
2024-12-07 14:34:41.951,0.6,1.2,11.87380104
2024-12-07 14:34:41.976,0.6,1.2,11.87380104
2024-12-07 14:34:42.016,0.6,1.2,11.87380104
2024-12-07 14:34:42.050,0.6,1.2,11.80389492
2024-12-07 14:34:42.074,0.6,1.2,11.80389492
2024-12-07 14:34:42.109,0.6,1.2,11.80389492
2024-12-07 14:34:42.135,0.6,1.2,11.80389492
2024-12-07 14:34:42.175,0.6,1.2,11.80389492
2024-12-07 14:34:42.196,0.6,1.2,11.87380104
2024-12-07 14:34:42.234,0.6,1.2,11.87380104
2024-12-07 14:34:42.259,0.6,1.2,11.87380104
2024-12-07 14:34:42.300,0.6,1.2,11.94366108
2024-12-07 14:34:42.342,0.6,1.2,11.94366108
2024-12-07 14:34:42.384,0.6,1.2,11.87380104
2024-12-07 14:34:42.425,0.6,1.2,11.87380104
2024-12-07 14:34:42.468,0.6,1.2,11.87380104
2024-12-07 14:34:42.509,0.6,1.2,11.675614020000001
2024-12-07 14:34:42.553,0.6,1.2,11.74560462
2024-12-07 14:34:42.595,0.6,1.2,11.80389492
2024-12-07 14:34:42.642,0.6,1.2,11.80389492
2024-12-07 14:34:42.684,0.6,1.2,11.87380104
2024-12-07 14:34:42.725,0.6,1.2,11.87380104
2024-12-07 14:34:42.766,0.6,1.2,11.87380104
2024-12-07 14:34:42.805,0.6,1.2,11.87380104
2024-12-07 14:34:42.848,0.6,1.2,11.80389492
2024-12-07 14:34:42.894,0.6,1.2,11.80389492
2024-12-07 14:34:42.932,0.6,1.2,11.80389492
2024-12-07 14:34:42.967,0.6,1.2,11.74560462
2024-12-07 14:34:42.989,0.6,1.2,11.74560462
2024-12-07 14:34:43.031,0.6,1.2,11.80389492
2024-12-07 14:34:43.053,0.6,1.2,11.74560462
2024-12-07 14:34:43.090,0.6,1.2,11.74560462
2024-12-07 14:34:43.129,0.6,1.2,11.80389492
2024-12-07 14:34:43.171,0.6,1.2,11.80389492
2024-12-07 14:34:43.211,0.6,1.2,11.87380104
2024-12-07 14:34:43.250,0.6,1.2,11.87380104
2024-12-07 14:34:43.287,0.6,1.2,11.94366108
2024-12-07 14:34:43.323,0.6,1.2,11.94366108
2024-12-07 14:34:43.346,0.6,1.2,11.87380104
2024-12-07 14:34:43.384,0.6,1.2,11.87380104
2024-12-07 14:34:43.407,0.6,1.2,11.87380104
2024-12-07 14:34:43.443,0.6,1.2,11.87380104
2024-12-07 14:34:43.465,0.6,1.2,11.87380104
2024-12-07 14:34:43.503,0.6,1.2,11.87380104
2024-12-07 14:34:43.525,0.6,1.2,11.87380104
2024-12-07 14:34:43.562,0.6,1.2,11.80389492
2024-12-07 14:34:43.586,0.6,1.2,11.80389492
2024-12-07 14:34:43.618,0.6,1.2,11.80389492
2024-12-07 14:34:43.659,0.6,1.2,11.87380104
2024-12-07 14:34:43.701,0.6,1.2,11.87380104
2024-12-07 14:34:43.723,0.6,1.2,11.80389492
2024-12-07 14:34:43.760,0.6,1.2,11.87380104
2024-12-07 14:34:43.798,0.6,1.2,11.80389492
2024-12-07 14:34:43.841,0.6,1.2,11.87380104
2024-12-07 14:34:43.877,0.6,1.2,11.94366108
2024-12-07 14:34:43.914,0.6,1.2,11.94366108
2024-12-07 14:34:43.953,0.6,1.2,11.87380104
2024-12-07 14:34:43.995,0.6,1.2,11.87380104
2024-12-07 14:34:44.018,0.6,1.2,11.87380104
2024-12-07 14:34:44.053,0.6,1.2,11.87380104
2024-12-07 14:34:44.075,0.6,1.2,11.87380104
2024-12-07 14:34:44.109,0.6,1.2,11.94366108
2024-12-07 14:34:44.131,0.6,1.2,11.94366108
2024-12-07 14:34:44.153,0.6,1.2,11.94366108
2024-12-07 14:34:44.189,0.6,1.2,11.87380104
2024-12-07 14:34:44.211,0.6,1.2,11.94366108
2024-12-07 14:34:44.231,0.6,1.2,11.94366108
2024-12-07 14:34:44.271,0.6,1.2,11.94366108
2024-12-07 14:34:44.309,0.6,1.2,11.87380104
2024-12-07 14:34:44.330,0.6,1.2,11.87380104
2024-12-07 14:34:44.370,0.6,1.2,11.94366108
2024-12-07 14:34:44.409,0.6,1.2,11.94366108
2024-12-07 14:34:44.447,0.6,1.2,11.94366108
2024-12-07 14:34:44.486,0.6,1.2,11.94366108
2024-12-07 14:34:44.524,0.6,1.2,11.87380104
2024-12-07 14:34:44.561,0.6,1.2,11.87380104
2024-12-07 14:34:44.599,0.6,1.2,11.87380104
2024-12-07 14:34:44.639,0.6,1.2,11.87380104
2024-12-07 14:34:44.679,0.6,1.2,11.94366108
2024-12-07 14:34:44.718,0.6,1.2,12.00184258
2024-12-07 14:34:44.761,0.6,1.2,12.00184258
2024-12-07 14:34:44.801,0.6,1.2,11.94366108
2024-12-07 14:34:44.840,0.6,1.2,11.87380104
2024-12-07 14:34:44.879,0.6,1.2,11.94366108
2024-12-07 14:34:44.918,0.6,1.2,11.94366108
2024-12-07 14:34:44.955,0.6,1.2,11.94366108
2024-12-07 14:34:44.993,0.6,1.2,11.94366108
2024-12-07 14:34:45.016,0.6,1.2,11.94366108
2024-12-07 14:34:45.052,0.6,1.2,11.94366108
2024-12-07 14:34:45.076,0.6,1.2,11.94366108
2024-12-07 14:34:45.114,0.6,1.2,11.94366108
2024-12-07 14:34:45.136,0.6,1.2,11.87380104
2024-12-07 14:34:45.171,0.6,1.2,11.94366108
2024-12-07 14:34:45.194,0.6,1.2,12.00184258
2024-12-07 14:34:45.236,0.6,1.2,12.00184258
2024-12-07 14:34:45.275,0.6,1.2,11.94366108
2024-12-07 14:34:45.316,0.6,1.2,12.00184258
2024-12-07 14:34:45.353,0.6,1.2,12.00184258
2024-12-07 14:34:45.392,0.6,1.2,11.94366108
2024-12-07 14:34:45.428,0.6,1.2,11.94366108
2024-12-07 14:34:45.452,0.6,1.2,11.94366108
2024-12-07 14:34:45.488,0.6,1.2,11.94366108
2024-12-07 14:34:45.513,0.6,1.2,11.94366108
2024-12-07 14:34:45.555,0.6,1.2,12.00184258
2024-12-07 14:34:45.595,0.6,1.2,12.00184258
2024-12-07 14:34:45.638,0.6,1.2,12.00184258
2024-12-07 14:34:45.681,0.6,1.2,11.94366108
2024-12-07 14:34:45.724,0.6,1.2,11.94366108
2024-12-07 14:34:45.766,0.6,1.2,12.00184258
2024-12-07 14:34:45.809,0.6,1.2,12.07161814
2024-12-07 14:34:45.850,0.6,1.2,12.00184258
2024-12-07 14:34:45.890,0.6,1.2,12.00184258
2024-12-07 14:34:45.932,0.6,1.2,12.00184258
2024-12-07 14:34:45.974,0.6,1.2,12.00184258
2024-12-07 14:34:46.014,0.6,1.2,12.00184258
2024-12-07 14:34:46.038,0.6,1.2,12.00184258
2024-12-07 14:34:46.073,0.6,1.2,12.00184258
2024-12-07 14:34:46.097,0.6,1.2,12.07161814
2024-12-07 14:34:46.133,0.6,1.2,12.00184258
2024-12-07 14:34:46.172,0.6,1.2,12.00184258
2024-12-07 14:34:46.211,0.6,1.2,12.00184258
2024-12-07 14:34:46.250,0.6,1.2,12.07161814
2024-12-07 14:34:46.287,0.6,1.2,12.00184258
2024-12-07 14:34:46.312,0.6,1.2,12.00184258
2024-12-07 14:34:46.349,0.6,1.2,12.07161814
2024-12-07 14:34:46.388,0.6,1.2,12.00184258
2024-12-07 14:34:46.411,0.6,1.2,12.00184258
2024-12-07 14:34:46.446,0.6,1.2,12.07161814
2024-12-07 14:34:46.489,0.6,1.2,12.00184258
2024-12-07 14:34:46.528,0.6,1.2,12.00184258
2024-12-07 14:34:46.570,0.6,1.2,12.00184258
2024-12-07 14:34:46.608,0.6,1.2,12.00184258
2024-12-07 14:34:46.648,0.6,1.2,12.00184258
2024-12-07 14:34:46.689,0.6,1.2,12.07161814
2024-12-07 14:34:46.729,0.6,1.2,12.14134762
2024-12-07 14:34:46.768,0.6,1.2,12.00184258
2024-12-07 14:34:46.806,0.6,1.2,12.00184258
2024-12-07 14:34:46.845,0.6,1.2,12.07161814
2024-12-07 14:34:46.881,0.6,1.2,11.94366108
2024-12-07 14:34:46.905,0.6,1.2,12.00184258
2024-12-07 14:34:46.941,0.6,1.2,12.07161814
2024-12-07 14:34:46.982,0.6,1.2,12.00184258
2024-12-07 14:34:47.027,0.6,1.2,12.00184258
2024-12-07 14:34:47.050,0.6,1.2,12.00184258
2024-12-07 14:34:47.086,0.6,1.2,12.00184258
2024-12-07 14:34:47.127,0.6,1.2,12.00184258
2024-12-07 14:34:47.169,0.6,1.2,11.94366108
2024-12-07 14:34:47.210,0.6,1.2,12.00184258
2024-12-07 14:34:47.248,0.6,1.2,12.14134762
2024-12-07 14:34:47.287,0.6,1.2,12.07161814
2024-12-07 14:34:47.332,0.6,1.2,12.07161814
2024-12-07 14:34:47.374,0.6,1.2,12.07161814
2024-12-07 14:34:47.400,0.6,1.2,12.07161814
2024-12-07 14:34:47.437,0.6,1.2,12.07161814
2024-12-07 14:34:47.460,0.6,1.2,12.00184258
2024-12-07 14:34:47.500,0.6,1.2,12.00184258
2024-12-07 14:34:47.526,0.6,1.2,12.07161814
2024-12-07 14:34:47.561,0.6,1.2,12.00184258
2024-12-07 14:34:47.585,0.6,1.2,12.00184258
2024-12-07 14:34:47.606,0.6,1.2,12.07161814
2024-12-07 14:34:47.640,0.6,1.2,12.07161814
2024-12-07 14:34:47.664,0.6,1.2,12.00184258
2024-12-07 14:34:47.698,0.6,1.2,12.14134762
2024-12-07 14:34:47.735,0.6,1.2,12.07161814
2024-12-07 14:34:47.757,0.6,1.2,12.07161814
2024-12-07 14:34:47.791,0.6,1.2,12.00184258
2024-12-07 14:34:47.813,0.6,1.2,12.00184258
2024-12-07 14:34:47.850,0.6,1.2,12.00184258
2024-12-07 14:34:47.872,0.6,1.2,12.00184258
2024-12-07 14:34:47.907,0.6,1.2,12.07161814
2024-12-07 14:34:47.944,0.6,1.2,12.07161814
2024-12-07 14:34:47.984,0.6,1.2,12.07161814
2024-12-07 14:34:48.008,0.6,1.2,12.07161814
2024-12-07 14:34:48.044,0.6,1.2,12.07161814
2024-12-07 14:34:48.069,0.6,1.2,12.14134762
2024-12-07 14:34:48.105,0.6,1.2,12.07161814
2024-12-07 14:34:48.143,0.6,1.2,12.14134762
2024-12-07 14:34:48.182,0.6,1.2,12.07161814
2024-12-07 14:34:48.222,0.6,1.2,12.07161814
2024-12-07 14:34:48.258,0.6,1.2,12.07161814
2024-12-07 14:34:48.279,0.6,1.2,12.14134762
2024-12-07 14:34:48.319,0.6,1.2,12.07161814
2024-12-07 14:34:48.339,0.6,1.2,12.07161814
2024-12-07 14:34:48.360,0.6,1.2,12.14134762
2024-12-07 14:34:48.400,0.6,1.2,12.14134762
2024-12-07 14:34:48.441,0.6,1.2,12.14134762
2024-12-07 14:34:48.482,0.6,1.2,12.14134762
2024-12-07 14:34:48.522,0.6,1.2,12.14134762
2024-12-07 14:34:48.562,0.6,1.2,12.14134762
2024-12-07 14:34:48.585,0.6,1.2,12.14134762
2024-12-07 14:34:48.620,0.6,1.2,12.14134762
2024-12-07 14:34:48.642,0.6,1.2,12.14134762
2024-12-07 14:34:48.676,0.6,1.2,12.07161814
2024-12-07 14:34:48.700,0.6,1.2,12.14134762
2024-12-07 14:34:48.742,0.6,1.2,12.14134762
2024-12-07 14:34:48.763,0.6,1.2,12.14134762
2024-12-07 14:34:48.801,0.6,1.2,12.14134762
2024-12-07 14:34:48.821,0.6,1.2,12.19942032
2024-12-07 14:34:48.858,0.6,1.2,12.19942032
2024-12-07 14:34:48.881,0.6,1.2,12.19942032
2024-12-07 14:34:48.916,0.6,1.2,12.19942032
2024-12-07 14:34:48.940,0.6,1.2,12.14134762
2024-12-07 14:34:48.978,0.6,1.2,12.14134762
2024-12-07 14:34:49.020,0.6,1.2,12.19942032
2024-12-07 14:34:49.060,0.6,1.2,12.14134762
2024-12-07 14:34:49.105,0.6,1.2,12.14134762
2024-12-07 14:34:49.140,0.6,1.2,12.14134762
2024-12-07 14:34:49.165,0.6,1.2,12.14134762
2024-12-07 14:34:49.200,0.6,1.2,12.14134762
2024-12-07 14:34:49.225,0.6,1.2,12.19942032
2024-12-07 14:34:49.267,0.6,1.2,12.19942032
2024-12-07 14:34:49.290,0.6,1.2,12.14134762
2024-12-07 14:34:49.326,0.6,1.2,12.14134762
2024-12-07 14:34:49.351,0.6,1.2,12.19942032
2024-12-07 14:34:49.372,0.6,1.2,12.14134762
2024-12-07 14:34:49.412,0.6,1.2,12.14134762
2024-12-07 14:34:49.451,0.6,1.2,12.07161814
2024-12-07 14:34:49.489,0.6,1.2,12.07161814
2024-12-07 14:34:49.525,0.6,1.2,12.14134762
2024-12-07 14:34:49.551,0.6,1.2,12.07161814
2024-12-07 14:34:49.589,0.6,1.2,12.14134762
2024-12-07 14:34:49.630,0.6,1.2,12.07161814
2024-12-07 14:34:49.672,0.6,1.2,12.14134762
2024-12-07 14:34:49.711,0.6,1.2,12.14134762
2024-12-07 14:34:49.751,0.6,1.2,12.14134762
2024-12-07 14:34:49.786,0.6,1.2,12.07161814
2024-12-07 14:34:49.807,0.6,1.2,12.00184258
2024-12-07 14:34:49.846,0.6,1.2,12.07161814
2024-12-07 14:34:49.866,0.6,1.2,12.00184258
2024-12-07 14:34:49.905,0.6,1.2,12.00184258
2024-12-07 14:34:49.939,0.6,1.2,12.07161814
2024-12-07 14:34:49.961,0.6,1.2,12.14134762
2024-12-07 14:34:50.000,0.6,1.2,12.14134762
2024-12-07 14:34:50.022,0.6,1.2,12.14134762
2024-12-07 14:34:50.061,0.6,1.2,12.07161814
2024-12-07 14:34:50.103,0.6,1.2,12.00184258
2024-12-07 14:34:50.144,0.6,1.2,12.07161814
2024-12-07 14:34:50.185,0.6,1.2,12.07161814
2024-12-07 14:34:50.205,0.6,1.2,12.07161814
2024-12-07 14:34:50.248,0.6,1.2,12.07161814
2024-12-07 14:34:50.290,0.6,1.2,12.07161814
2024-12-07 14:34:50.329,0.6,1.2,12.07161814
2024-12-07 14:34:50.366,0.6,1.2,12.07161814
2024-12-07 14:34:50.409,0.6,1.2,12.07161814
2024-12-07 14:34:50.452,0.6,1.2,12.00184258
2024-12-07 14:34:50.473,0.6,1.2,12.07161814
2024-12-07 14:34:50.493,0.6,1.2,12.07161814
2024-12-07 14:34:50.531,0.6,1.2,12.07161814
2024-12-07 14:34:50.557,0.6,1.2,12.07161814
2024-12-07 14:34:50.577,0.6,1.2,12.07161814
2024-12-07 14:34:50.619,0.6,1.2,12.07161814
2024-12-07 14:34:50.641,0.6,1.2,12.07161814
2024-12-07 14:34:50.683,0.6,1.2,12.14134762
2024-12-07 14:34:50.722,0.6,1.2,12.07161814
2024-12-07 14:34:50.761,0.6,1.2,12.07161814
2024-12-07 14:34:50.797,0.6,1.2,12.07161814
2024-12-07 14:34:50.819,0.6,1.2,12.07161814
2024-12-07 14:34:50.853,0.6,1.2,12.07161814
2024-12-07 14:34:50.877,0.6,1.2,12.07161814
2024-12-07 14:34:50.911,0.6,1.2,12.07161814
2024-12-07 14:34:50.937,0.6,1.2,12.07161814
2024-12-07 14:34:50.958,0.6,1.2,12.14134762
2024-12-07 14:34:50.993,0.6,1.2,12.14134762
2024-12-07 14:34:51.016,0.6,1.2,12.14134762
2024-12-07 14:34:51.053,0.6,1.2,12.14134762
2024-12-07 14:34:51.092,0.6,1.2,12.07161814
2024-12-07 14:34:51.132,0.6,1.2,12.14134762
2024-12-07 14:34:51.153,0.6,1.2,12.07161814
2024-12-07 14:34:51.190,0.6,1.2,12.07161814
2024-12-07 14:34:51.226,0.6,1.2,12.14134762
2024-12-07 14:34:51.267,0.6,1.2,12.14134762
2024-12-07 14:34:51.306,0.6,1.2,12.14134762
2024-12-07 14:34:51.346,0.6,1.2,12.07161814
2024-12-07 14:34:51.382,0.6,1.2,12.07161814
2024-12-07 14:34:51.406,0.6,1.2,12.07161814
2024-12-07 14:34:51.445,0.6,1.2,12.07161814
2024-12-07 14:34:51.485,0.6,1.2,12.14134762
2024-12-07 14:34:51.528,0.6,1.2,12.07161814
2024-12-07 14:34:51.568,0.6,1.2,12.14134762
2024-12-07 14:34:51.608,0.6,1.2,12.07161814
2024-12-07 14:34:51.647,0.6,1.2,12.14134762
2024-12-07 14:34:51.686,0.6,1.2,12.14134762
2024-12-07 14:34:51.726,0.6,1.2,12.14134762
2024-12-07 14:34:51.765,0.6,1.2,12.14134762
2024-12-07 14:34:51.806,0.6,1.2,12.14134762
2024-12-07 14:34:51.827,0.6,1.2,12.14134762
2024-12-07 14:34:51.865,0.6,1.2,12.14134762
2024-12-07 14:34:51.887,0.6,1.2,12.14134762
2024-12-07 14:34:51.922,0.6,1.2,12.07161814
2024-12-07 14:34:51.943,0.6,1.2,12.07161814
2024-12-07 14:34:51.977,0.6,1.2,12.14134762
2024-12-07 14:34:52.000,0.6,1.2,12.14134762
2024-12-07 14:34:52.038,0.6,1.2,12.14134762
2024-12-07 14:34:52.059,0.6,1.2,12.14134762
2024-12-07 14:34:52.094,0.6,1.2,12.07161814
2024-12-07 14:34:52.118,0.6,1.2,12.14134762
2024-12-07 14:34:52.153,0.6,1.2,12.19942032
2024-12-07 14:34:52.176,0.6,1.2,12.14134762
2024-12-07 14:34:52.212,0.6,1.2,12.07161814
2024-12-07 14:34:52.237,0.6,1.2,12.14134762
2024-12-07 14:34:52.272,0.6,1.2,12.14134762
2024-12-07 14:34:52.312,0.6,1.2,12.14134762
2024-12-07 14:34:52.335,0.6,1.2,12.14134762
2024-12-07 14:34:52.369,0.6,1.2,12.14134762
2024-12-07 14:34:52.393,0.6,1.2,12.19942032
2024-12-07 14:34:52.428,0.6,1.2,12.14134762
2024-12-07 14:34:52.452,0.6,1.2,12.07161814
2024-12-07 14:34:52.489,0.6,1.2,12.07161814
2024-12-07 14:34:52.512,0.6,1.2,12.14134762
2024-12-07 14:34:52.547,0.6,1.2,12.14134762
2024-12-07 14:34:52.570,0.6,1.2,12.14134762
2024-12-07 14:34:52.606,0.6,1.2,12.14134762
2024-12-07 14:34:52.632,0.6,1.2,12.14134762
2024-12-07 14:34:52.652,0.6,1.2,12.14134762
2024-12-07 14:34:52.690,0.6,1.2,12.14134762
2024-12-07 14:34:52.711,0.6,1.2,12.14134762
2024-12-07 14:34:52.753,0.6,1.2,12.19942032
2024-12-07 14:34:52.796,0.6,1.2,12.14134762
2024-12-07 14:34:52.837,0.6,1.2,12.14134762
2024-12-07 14:34:52.879,0.6,1.2,12.07161814
2024-12-07 14:34:52.921,0.6,1.2,12.14134762
2024-12-07 14:34:52.965,0.6,1.2,12.14134762
2024-12-07 14:34:53.003,0.6,1.2,12.14134762
2024-12-07 14:34:53.048,0.6,1.2,12.14134762
2024-12-07 14:34:53.093,0.6,1.2,12.19942032
2024-12-07 14:34:53.116,0.6,1.2,12.19942032
2024-12-07 14:34:53.155,0.6,1.2,12.19942032
2024-12-07 14:34:53.199,0.6,1.2,12.19942032
2024-12-07 14:34:53.222,0.6,1.2,12.19942032
2024-12-07 14:34:53.260,0.6,1.2,12.19942032
2024-12-07 14:34:53.282,0.6,1.2,12.19942032
2024-12-07 14:34:53.319,0.6,1.2,12.19942032
2024-12-07 14:34:53.362,0.6,1.2,12.19942032
2024-12-07 14:34:53.404,0.6,1.2,12.19942032
2024-12-07 14:34:53.444,0.6,1.2,12.19942032
2024-12-07 14:34:53.485,0.6,1.2,12.19942032
2024-12-07 14:34:53.525,0.6,1.2,12.269065320000001
2024-12-07 14:34:53.567,0.6,1.2,12.19942032
2024-12-07 14:34:53.606,0.6,1.2,12.19942032
2024-12-07 14:34:53.629,0.6,1.2,12.269065320000001
2024-12-07 14:34:53.670,0.6,1.2,12.19942032
2024-12-07 14:34:53.692,0.6,1.2,12.19942032
2024-12-07 14:34:53.730,0.6,1.2,12.269065320000001
2024-12-07 14:34:53.776,0.6,1.2,12.327067620000001
2024-12-07 14:34:53.814,0.6,1.2,12.327067620000001
2024-12-07 14:34:53.851,0.6,1.2,12.269065320000001
2024-12-07 14:34:53.891,0.6,1.2,12.269065320000001
2024-12-07 14:34:53.936,0.6,1.2,12.269065320000001
2024-12-07 14:34:53.973,0.6,1.2,12.269065320000001
2024-12-07 14:34:54.009,0.6,1.2,12.327067620000001
2024-12-07 14:34:54.052,0.6,1.2,12.327067620000001
2024-12-07 14:34:54.088,0.6,1.2,12.269065320000001
2024-12-07 14:34:54.109,0.6,1.2,12.269065320000001
2024-12-07 14:34:54.145,0.6,1.2,12.269065320000001
2024-12-07 14:34:54.169,0.6,1.2,12.269065320000001
2024-12-07 14:34:54.209,0.6,1.2,12.327067620000001
2024-12-07 14:34:54.248,0.6,1.2,12.327067620000001
2024-12-07 14:34:54.270,0.6,1.2,12.39662814
2024-12-07 14:34:54.308,0.6,1.2,12.327067620000001
2024-12-07 14:34:54.329,0.6,1.2,12.269065320000001
2024-12-07 14:34:54.365,0.6,1.2,12.327067620000001
2024-12-07 14:34:54.403,0.6,1.2,12.327067620000001
2024-12-07 14:34:54.436,0.6,1.2,12.327067620000001
2024-12-07 14:34:54.478,0.6,1.2,12.327067620000001
2024-12-07 14:34:54.518,0.6,1.2,12.327067620000001
2024-12-07 14:34:54.556,0.6,1.2,12.327067620000001
2024-12-07 14:34:54.596,0.6,1.2,12.327067620000001
2024-12-07 14:34:54.633,0.6,1.2,12.46614258
2024-12-07 14:34:54.673,0.6,1.2,12.327067620000001
2024-12-07 14:34:54.710,0.6,1.2,12.327067620000001
2024-12-07 14:34:54.748,0.6,1.2,12.327067620000001
2024-12-07 14:34:54.771,0.6,1.2,12.327067620000001
2024-12-07 14:34:54.807,0.6,1.2,12.327067620000001
2024-12-07 14:34:54.829,0.6,1.2,12.327067620000001
2024-12-07 14:34:54.867,0.6,1.2,12.327067620000001
2024-12-07 14:34:54.903,0.6,1.2,12.39662814
2024-12-07 14:34:54.925,0.6,1.2,12.39662814
2024-12-07 14:34:54.962,0.6,1.2,12.327067620000001
2024-12-07 14:34:54.984,0.6,1.2,12.269065320000001
2024-12-07 14:34:55.021,0.6,1.2,12.327067620000001
2024-12-07 14:34:55.044,0.6,1.2,12.39662814
2024-12-07 14:34:55.081,0.6,1.2,12.327067620000001
2024-12-07 14:34:55.107,0.6,1.2,12.327067620000001
2024-12-07 14:34:55.151,0.6,1.2,12.39662814
2024-12-07 14:34:55.190,0.6,1.2,12.327067620000001
2024-12-07 14:34:55.232,0.6,1.2,12.327067620000001
2024-12-07 14:34:55.272,0.6,1.2,12.327067620000001
2024-12-07 14:34:55.318,0.6,1.2,12.269065320000001
2024-12-07 14:34:55.357,0.6,1.2,12.327067620000001
2024-12-07 14:34:55.400,0.6,1.2,12.327067620000001
2024-12-07 14:34:55.440,0.6,1.2,12.269065320000001
2024-12-07 14:34:55.486,0.6,1.2,12.269065320000001
2024-12-07 14:34:55.510,0.6,1.2,12.327067620000001
2024-12-07 14:34:55.547,0.6,1.2,12.327067620000001
2024-12-07 14:34:55.570,0.6,1.2,12.327067620000001
2024-12-07 14:34:55.611,0.6,1.2,12.269065320000001
2024-12-07 14:34:55.650,0.6,1.2,12.269065320000001
2024-12-07 14:34:55.691,0.6,1.2,12.269065320000001
2024-12-07 14:34:55.730,0.6,1.2,12.327067620000001
2024-12-07 14:34:55.751,0.6,1.2,12.327067620000001
2024-12-07 14:34:55.787,0.6,1.2,12.327067620000001
2024-12-07 14:34:55.824,0.6,1.2,12.327067620000001
2024-12-07 14:34:55.864,0.6,1.2,12.269065320000001
2024-12-07 14:34:55.905,0.6,1.2,12.269065320000001
2024-12-07 14:34:55.939,0.6,1.2,12.327067620000001
2024-12-07 14:34:55.978,0.6,1.2,12.269065320000001
2024-12-07 14:34:56.019,0.6,1.2,12.327067620000001
2024-12-07 14:34:56.054,0.6,1.2,12.327067620000001
2024-12-07 14:34:56.092,0.6,1.2,12.46614258
2024-12-07 14:34:56.127,0.6,1.2,12.39662814
2024-12-07 14:34:56.147,0.6,1.2,12.327067620000001
2024-12-07 14:34:56.184,0.6,1.2,12.39662814
2024-12-07 14:34:56.207,0.6,1.2,12.39662814
2024-12-07 14:34:56.242,0.6,1.2,12.39662814
2024-12-07 14:34:56.282,0.6,1.2,12.327067620000001
2024-12-07 14:34:56.319,0.6,1.2,12.39662814
2024-12-07 14:34:56.361,0.6,1.2,12.39662814
2024-12-07 14:34:56.400,0.6,1.2,12.39662814
2024-12-07 14:34:56.422,0.6,1.2,12.39662814
2024-12-07 14:34:56.459,0.6,1.2,12.39662814
2024-12-07 14:34:56.499,0.6,1.2,12.39662814
2024-12-07 14:34:56.522,0.6,1.2,12.327067620000001
2024-12-07 14:34:56.564,0.6,1.2,12.39662814
2024-12-07 14:34:56.587,0.6,1.2,12.327067620000001
2024-12-07 14:34:56.627,0.6,1.2,12.39662814
2024-12-07 14:34:56.668,0.6,1.2,12.46614258
2024-12-07 14:34:56.709,0.6,1.2,12.39662814
2024-12-07 14:34:56.755,0.6,1.2,12.39662814
2024-12-07 14:34:56.797,0.6,1.2,12.39662814
2024-12-07 14:34:56.818,0.6,1.2,12.39662814
2024-12-07 14:34:56.855,0.6,1.2,12.39662814
2024-12-07 14:34:56.878,0.6,1.2,12.39662814
2024-12-07 14:34:56.899,0.6,1.2,12.39662814
2024-12-07 14:34:56.933,0.6,1.2,12.39662814
2024-12-07 14:34:56.958,0.6,1.2,12.39662814
2024-12-07 14:34:56.993,0.6,1.2,12.269065320000001
2024-12-07 14:34:57.018,0.6,1.2,12.39662814
2024-12-07 14:34:57.055,0.6,1.2,12.39662814
2024-12-07 14:34:57.094,0.6,1.2,12.39662814
2024-12-07 14:34:57.132,0.6,1.2,12.327067620000001
2024-12-07 14:34:57.172,0.6,1.2,12.46614258
2024-12-07 14:34:57.209,0.6,1.2,12.39662814
2024-12-07 14:34:57.243,0.6,1.2,12.39662814
2024-12-07 14:34:57.265,0.6,1.2,12.46614258
2024-12-07 14:34:57.302,0.6,1.2,12.46614258
2024-12-07 14:34:57.325,0.6,1.2,12.39662814
2024-12-07 14:34:57.365,0.6,1.2,12.39662814
2024-12-07 14:34:57.388,0.6,1.2,12.39662814
2024-12-07 14:34:57.424,0.6,1.2,12.39662814
2024-12-07 14:34:57.461,0.6,1.2,12.327067620000001
2024-12-07 14:34:57.501,0.6,1.2,12.327067620000001
2024-12-07 14:34:57.543,0.6,1.2,12.46614258
2024-12-07 14:34:57.589,0.6,1.2,12.39662814
2024-12-07 14:34:57.631,0.6,1.2,12.39662814
2024-12-07 14:34:57.670,0.6,1.2,12.46614258
2024-12-07 14:34:57.714,0.6,1.2,12.46614258
2024-12-07 14:34:57.754,0.6,1.2,12.52403608
2024-12-07 14:34:57.795,0.6,1.2,12.46614258
2024-12-07 14:34:57.836,0.6,1.2,12.52403608
2024-12-07 14:34:57.881,0.6,1.2,12.46614258
2024-12-07 14:34:57.926,0.6,1.2,12.46614258
2024-12-07 14:34:57.965,0.6,1.2,12.39662814
2024-12-07 14:34:57.987,0.6,1.2,12.52403608
2024-12-07 14:34:58.025,0.6,1.2,12.39662814
2024-12-07 14:34:58.064,0.6,1.2,12.46614258
2024-12-07 14:34:58.102,0.6,1.2,12.46614258
2024-12-07 14:34:58.136,0.6,1.2,12.46614258
2024-12-07 14:34:58.171,0.6,1.2,12.46614258
2024-12-07 14:34:58.212,0.6,1.2,12.52403608
2024-12-07 14:34:58.255,0.6,1.2,12.46614258
2024-12-07 14:34:58.294,0.6,1.2,12.39662814
2024-12-07 14:34:58.332,0.6,1.2,12.52403608
2024-12-07 14:34:58.373,0.6,1.2,12.46614258
2024-12-07 14:34:58.412,0.6,1.2,12.39662814
2024-12-07 14:34:58.450,0.6,1.2,12.39662814
2024-12-07 14:34:58.487,0.6,1.2,12.39662814
2024-12-07 14:34:58.521,0.6,1.2,12.327067620000001
2024-12-07 14:34:58.544,0.6,1.2,12.39662814
2024-12-07 14:34:58.582,0.6,1.2,12.46614258
2024-12-07 14:34:58.603,0.6,1.2,12.46614258
2024-12-07 14:34:58.642,0.6,1.2,12.46614258
2024-12-07 14:34:58.678,0.6,1.2,12.39662814
2024-12-07 14:34:58.701,0.6,1.2,12.39662814
2024-12-07 14:34:58.741,0.6,1.2,12.46614258
2024-12-07 14:34:58.767,0.6,1.2,12.46614258
2024-12-07 14:34:58.809,0.6,1.2,12.39662814
2024-12-07 14:34:58.852,0.6,1.2,12.46614258
2024-12-07 14:34:58.891,0.6,1.2,12.39662814
2024-12-07 14:34:58.931,0.6,1.2,12.46614258
2024-12-07 14:34:58.972,0.6,1.2,12.39662814
2024-12-07 14:34:59.014,0.6,1.2,12.39662814
2024-12-07 14:34:59.052,0.6,1.2,12.327067620000001
2024-12-07 14:34:59.091,0.6,1.2,12.39662814
2024-12-07 14:34:59.136,0.6,1.2,12.39662814
2024-12-07 14:34:59.162,0.6,1.2,12.39662814
2024-12-07 14:34:59.199,0.6,1.2,12.39662814
2024-12-07 14:34:59.239,0.6,1.2,12.39662814
2024-12-07 14:34:59.273,0.6,1.2,12.327067620000001
2024-12-07 14:34:59.299,0.6,1.2,12.39662814
2024-12-07 14:34:59.341,0.6,1.2,12.39662814
2024-12-07 14:34:59.381,0.6,1.2,12.39662814
2024-12-07 14:34:59.404,0.6,1.2,12.39662814
2024-12-07 14:34:59.440,0.6,1.2,12.39662814
2024-12-07 14:34:59.480,0.6,1.2,12.39662814
2024-12-07 14:34:59.524,0.6,1.2,12.327067620000001
2024-12-07 14:34:59.564,0.6,1.2,12.39662814
2024-12-07 14:34:59.607,0.6,1.2,12.327067620000001
2024-12-07 14:34:59.646,0.6,1.2,12.327067620000001
2024-12-07 14:34:59.686,0.6,1.2,12.327067620000001
2024-12-07 14:34:59.726,0.6,1.2,12.39662814
2024-12-07 14:34:59.772,0.6,1.2,12.39662814
2024-12-07 14:34:59.810,0.6,1.2,12.39662814
2024-12-07 14:34:59.853,0.6,1.2,12.327067620000001
2024-12-07 14:34:59.894,0.6,1.2,12.327067620000001
2024-12-07 14:34:59.937,0.6,1.2,12.327067620000001
2024-12-07 14:34:59.975,0.6,1.2,12.327067620000001
2024-12-07 14:35:00.015,0.6,1.2,12.327067620000001
2024-12-07 14:35:00.050,0.6,1.2,12.327067620000001
2024-12-07 14:35:00.088,0.6,1.2,12.327067620000001
2024-12-07 14:35:00.127,0.6,1.2,12.327067620000001
2024-12-07 14:35:00.165,0.6,1.2,12.327067620000001
2024-12-07 14:35:00.190,0.6,1.2,12.327067620000001
2024-12-07 14:35:00.225,0.6,1.2,12.269065320000001
2024-12-07 14:35:00.248,0.6,1.2,12.269065320000001
2024-12-07 14:35:00.284,0.6,1.2,12.327067620000001
2024-12-07 14:35:00.308,0.6,1.2,12.327067620000001
2024-12-07 14:35:00.346,0.6,1.2,12.327067620000001
2024-12-07 14:35:00.370,0.6,1.2,12.269065320000001
2024-12-07 14:35:00.410,0.6,1.2,12.269065320000001
2024-12-07 14:35:00.430,0.6,1.2,12.327067620000001
2024-12-07 14:35:00.466,0.6,1.2,12.327067620000001
2024-12-07 14:35:00.503,0.6,1.2,12.269065320000001
2024-12-07 14:35:00.540,0.6,1.2,12.269065320000001
2024-12-07 14:35:00.580,0.6,1.2,12.269065320000001
2024-12-07 14:35:00.618,0.6,1.2,12.269065320000001
2024-12-07 14:35:00.655,0.6,1.2,12.327067620000001
2024-12-07 14:35:00.691,0.6,1.2,12.327067620000001
2024-12-07 14:35:00.730,0.6,1.2,12.327067620000001
2024-12-07 14:35:00.768,0.6,1.2,12.327067620000001
2024-12-07 14:35:00.807,0.6,1.2,12.327067620000001
2024-12-07 14:35:00.830,0.6,1.2,12.327067620000001
2024-12-07 14:35:00.865,0.6,1.2,12.269065320000001
2024-12-07 14:35:00.886,0.6,1.2,12.269065320000001
2024-12-07 14:35:00.923,0.6,1.2,12.269065320000001
2024-12-07 14:35:00.944,0.6,1.2,12.269065320000001
2024-12-07 14:35:00.982,0.6,1.2,12.269065320000001
2024-12-07 14:35:01.002,0.6,1.2,12.19942032
2024-12-07 14:35:01.025,0.6,1.2,12.269065320000001
2024-12-07 14:35:01.058,0.6,1.2,12.269065320000001
2024-12-07 14:35:01.079,0.6,1.2,12.269065320000001
2024-12-07 14:35:01.115,0.6,1.2,12.269065320000001
2024-12-07 14:35:01.154,0.6,1.2,12.269065320000001
2024-12-07 14:35:01.176,0.6,1.2,12.269065320000001
2024-12-07 14:35:01.212,0.6,1.2,12.269065320000001
2024-12-07 14:35:01.234,0.6,1.2,12.269065320000001
2024-12-07 14:35:01.268,0.6,1.2,12.269065320000001
2024-12-07 14:35:01.291,0.6,1.2,12.19942032
2024-12-07 14:35:01.325,0.6,1.2,12.269065320000001
2024-12-07 14:35:01.349,0.6,1.2,12.269065320000001
2024-12-07 14:35:01.389,0.6,1.2,12.269065320000001
2024-12-07 14:35:01.428,0.6,1.2,12.19942032
2024-12-07 14:35:01.468,0.6,1.2,12.269065320000001
2024-12-07 14:35:01.508,0.6,1.2,12.19942032
2024-12-07 14:35:01.533,0.6,1.2,12.14134762
2024-12-07 14:35:01.568,0.6,1.2,12.269065320000001
2024-12-07 14:35:01.592,0.6,1.2,12.269065320000001
2024-12-07 14:35:01.629,0.6,1.2,12.269065320000001
2024-12-07 14:35:01.649,0.6,1.2,12.269065320000001
2024-12-07 14:35:01.670,0.6,1.2,12.19942032
2024-12-07 14:35:01.709,0.6,1.2,12.269065320000001
2024-12-07 14:35:01.732,0.6,1.2,12.19942032
2024-12-07 14:35:01.767,0.6,1.2,12.19942032
2024-12-07 14:35:01.793,0.6,1.2,12.19942032
2024-12-07 14:35:01.814,0.6,1.2,12.19942032
2024-12-07 14:35:01.855,0.6,1.2,12.19942032
2024-12-07 14:35:01.900,0.6,1.2,12.19942032
2024-12-07 14:35:01.945,0.6,1.2,12.19942032
2024-12-07 14:35:01.987,0.6,1.2,12.19942032
2024-12-07 14:35:02.011,0.6,1.2,12.14134762
2024-12-07 14:35:02.049,0.6,1.2,12.19942032
2024-12-07 14:35:02.070,0.6,1.2,12.19942032
2024-12-07 14:35:02.107,0.6,1.2,12.19942032
2024-12-07 14:35:02.152,0.6,1.2,12.19942032
2024-12-07 14:35:02.176,0.6,1.2,12.19942032
2024-12-07 14:35:02.211,0.6,1.2,12.19942032
2024-12-07 14:35:02.256,0.6,1.2,12.19942032
2024-12-07 14:35:02.281,0.6,1.2,12.19942032
2024-12-07 14:35:02.315,0.6,1.2,12.14134762
2024-12-07 14:35:02.341,0.6,1.2,12.14134762
2024-12-07 14:35:02.384,0.6,1.2,12.14134762
2024-12-07 14:35:02.428,0.6,1.2,12.19942032
2024-12-07 14:35:02.468,0.6,1.2,12.14134762
2024-12-07 14:35:02.492,0.6,1.2,12.14134762
2024-12-07 14:35:02.528,0.6,1.2,12.19942032
2024-12-07 14:35:02.566,0.6,1.2,12.14134762
2024-12-07 14:35:02.605,0.6,1.2,12.19942032
2024-12-07 14:35:02.644,0.6,1.2,12.14134762
2024-12-07 14:35:02.666,0.6,1.2,12.19942032
2024-12-07 14:35:02.701,0.6,1.2,12.19942032
2024-12-07 14:35:02.726,0.6,1.2,12.19942032
2024-12-07 14:35:02.760,0.6,1.2,12.19942032
2024-12-07 14:35:02.799,0.6,1.2,12.19942032
2024-12-07 14:35:02.823,0.6,1.2,12.19942032
2024-12-07 14:35:02.856,0.6,1.2,12.19942032
2024-12-07 14:35:02.896,0.6,1.2,12.14134762
2024-12-07 14:35:02.931,0.6,1.2,12.14134762
2024-12-07 14:35:02.972,0.6,1.2,12.19942032
2024-12-07 14:35:03.014,0.6,1.2,12.19942032
2024-12-07 14:35:03.052,0.6,1.2,12.19942032
2024-12-07 14:35:03.073,0.6,1.2,12.19942032
2024-12-07 14:35:03.109,0.6,1.2,12.19942032
2024-12-07 14:35:03.148,0.6,1.2,12.14134762
2024-12-07 14:35:03.187,0.6,1.2,12.269065320000001
2024-12-07 14:35:03.210,0.6,1.2,12.269065320000001
2024-12-07 14:35:03.242,0.6,1.2,12.269065320000001
2024-12-07 14:35:03.264,0.6,1.2,12.14134762
2024-12-07 14:35:03.300,0.6,1.2,12.19942032
2024-12-07 14:35:03.322,0.6,1.2,12.19942032
2024-12-07 14:35:03.355,0.6,1.2,12.19942032
2024-12-07 14:35:03.376,0.6,1.2,12.19942032
2024-12-07 14:35:03.398,0.6,1.2,12.19942032
2024-12-07 14:35:03.440,0.6,1.2,12.19942032
2024-12-07 14:35:03.462,0.6,1.2,12.19942032
2024-12-07 14:35:03.504,0.6,1.2,12.19942032
2024-12-07 14:35:03.544,0.6,1.2,12.19942032
2024-12-07 14:35:03.584,0.6,1.2,12.269065320000001
2024-12-07 14:35:03.625,0.6,1.2,12.327067620000001
2024-12-07 14:35:03.664,0.6,1.2,12.269065320000001
2024-12-07 14:35:03.703,0.6,1.2,12.19942032
2024-12-07 14:35:03.739,0.6,1.2,12.269065320000001
2024-12-07 14:35:03.775,0.6,1.2,12.19942032
2024-12-07 14:35:03.815,0.6,1.2,12.269065320000001
2024-12-07 14:35:03.839,0.6,1.2,12.269065320000001
2024-12-07 14:35:03.874,0.6,1.2,12.327067620000001
2024-12-07 14:35:03.899,0.6,1.2,12.269065320000001
2024-12-07 14:35:03.938,0.6,1.2,12.19942032
2024-12-07 14:35:03.979,0.6,1.2,12.269065320000001
2024-12-07 14:35:04.017,0.6,1.2,12.269065320000001
2024-12-07 14:35:04.054,0.6,1.2,12.327067620000001
2024-12-07 14:35:04.090,0.6,1.2,12.327067620000001
2024-12-07 14:35:04.113,0.6,1.2,12.327067620000001
2024-12-07 14:35:04.147,0.6,1.2,12.327067620000001
2024-12-07 14:35:04.171,0.6,1.2,12.269065320000001
2024-12-07 14:35:04.205,0.6,1.2,12.269065320000001
2024-12-07 14:35:04.230,0.6,1.2,12.269065320000001
2024-12-07 14:35:04.269,0.6,1.2,12.269065320000001
2024-12-07 14:35:04.292,0.6,1.2,12.269065320000001
2024-12-07 14:35:04.327,0.6,1.2,12.19942032
2024-12-07 14:35:04.350,0.6,1.2,12.19942032
2024-12-07 14:35:04.386,0.6,1.2,12.19942032
2024-12-07 14:35:04.410,0.6,1.2,12.19942032
