Session_Time,Test_Time,Desired_Speed,Actual_Speed,Throttle_Output,Brake_Output,Test_Number
2.864,0.021,20.00,3.93,23.65,0.00,1
2.883,0.040,20.00,3.93,24.93,0.00,1
2.903,0.060,20.00,3.86,26.33,0.00,1
2.942,0.099,20.00,3.86,27.62,0.00,1
2.962,0.119,20.00,3.86,28.91,0.00,1
2.981,0.138,20.00,3.80,30.29,0.00,1
3.001,0.158,20.00,3.80,31.58,0.00,1
3.040,0.197,20.00,3.80,32.88,0.00,1
3.061,0.218,20.00,3.72,34.28,0.00,1
3.079,0.236,20.00,3.72,35.59,0.00,1
3.118,0.275,20.00,3.72,36.89,0.00,1
3.138,0.295,20.00,3.72,38.19,0.00,1
3.159,0.316,20.00,3.72,39.49,0.00,1
3.177,0.334,20.00,3.65,40.90,0.00,1
3.216,0.373,20.00,3.72,42.10,0.00,1
3.236,0.393,20.00,3.80,43.29,0.00,1
3.256,0.413,20.00,3.72,44.70,0.00,1
3.275,0.432,20.00,3.72,46.00,0.00,1
3.295,0.452,20.00,1.31,50.85,0.00,1
3.335,0.491,20.00,1.31,52.34,0.00,1
3.354,0.511,20.00,1.31,53.84,0.00,1
3.373,0.530,20.00,1.23,55.44,0.00,1
3.393,0.550,20.00,1.23,56.94,0.00,1
3.433,0.590,20.00,1.23,58.44,0.00,1
3.452,0.609,20.00,0.00,61.76,0.00,1
3.471,0.628,20.00,0.00,63.36,0.00,1
3.512,0.669,20.00,0.00,64.95,0.00,1
3.531,0.688,20.00,0.00,66.55,0.00,1
3.570,0.727,20.00,0.00,68.15,0.00,1
3.590,0.746,20.00,0.00,69.75,0.00,1
3.609,0.766,20.00,0.00,71.35,0.00,1
3.648,0.805,20.00,0.00,72.95,0.00,1
3.667,0.824,20.00,0.00,74.55,0.00,1
3.687,0.844,20.00,0.00,76.14,0.00,1
3.707,0.864,20.00,0.00,77.74,0.00,1
3.747,0.903,20.00,0.00,79.34,0.00,1
3.766,0.923,20.00,0.00,80.94,0.00,1
3.785,0.942,20.00,0.00,82.54,0.00,1
3.825,0.981,20.00,1.23,82.33,0.00,1
3.844,1.001,20.00,1.23,83.83,0.00,1
3.864,1.021,20.00,1.31,85.21,0.00,1
3.903,1.060,20.00,1.31,86.71,0.00,1
3.922,1.079,20.00,1.37,88.11,0.00,1
3.942,1.099,20.00,1.45,89.49,0.00,1
3.963,1.119,20.00,1.52,90.86,0.00,1
4.001,1.158,20.00,1.66,92.13,0.00,1
4.020,1.177,20.00,1.80,93.39,0.00,1
4.040,1.197,20.00,2.02,94.52,0.00,1
4.080,1.237,20.00,2.10,95.85,0.00,1
4.099,1.256,20.00,2.24,97.07,0.00,1
4.118,1.275,20.00,2.51,98.09,0.00,1
4.159,1.315,20.00,2.66,99.26,0.00,1
4.177,1.334,20.00,2.94,100.00,0.00,1
4.216,1.373,20.00,3.29,100.00,0.00,1
4.236,1.393,20.00,3.44,100.00,0.00,1
4.256,1.413,20.00,3.93,100.00,0.00,1
4.275,1.432,20.00,4.14,100.00,0.00,1
4.314,1.471,20.00,4.28,100.00,0.00,1
4.334,1.491,20.00,4.57,100.00,0.00,1
4.355,1.511,20.00,4.77,100.00,0.00,1
4.373,1.530,20.00,4.98,100.00,0.00,1
4.393,1.550,20.00,5.13,100.00,0.00,1
4.433,1.590,20.00,5.19,100.00,0.00,1
4.452,1.609,20.00,5.40,100.00,0.00,1
4.471,1.628,20.00,5.61,100.00,0.00,1
4.510,1.667,20.00,5.82,100.00,0.00,1
4.530,1.687,20.00,6.03,100.00,0.00,1
4.551,1.708,20.00,6.16,100.00,0.00,1
4.570,1.726,20.00,6.43,100.00,0.00,1
4.609,1.766,20.00,6.64,100.00,0.00,1
4.628,1.785,20.00,6.84,100.00,0.00,1
4.648,1.805,20.00,6.98,100.00,0.00,1
4.688,1.845,20.00,7.12,100.00,0.00,1
4.707,1.864,20.00,7.46,100.00,0.00,1
4.726,1.883,20.00,7.53,100.00,0.00,1
4.766,1.923,20.00,7.60,100.00,0.00,1
4.785,1.942,20.00,7.88,100.00,0.00,1
4.805,1.962,20.00,8.14,100.00,0.00,1
4.824,1.981,20.00,8.42,100.00,0.00,1
4.863,2.020,20.00,8.48,100.00,0.00,1
4.883,2.040,20.00,8.81,100.00,0.00,1
4.903,2.060,20.00,8.96,100.00,0.00,1
4.922,2.079,20.00,9.29,100.00,0.00,1
4.961,2.118,20.00,9.49,100.00,0.00,1
4.981,2.138,20.00,9.63,100.00,0.00,1
5.002,2.158,20.00,9.96,100.00,0.00,1
5.040,2.197,20.00,10.36,100.00,0.00,1
5.059,2.216,20.00,10.56,100.00,0.00,1
5.080,2.236,20.00,10.69,100.00,0.00,1
5.099,2.256,20.00,10.82,100.00,0.00,1
5.139,2.296,20.00,10.95,100.00,0.00,1
5.158,2.315,20.00,11.28,100.00,0.00,1
5.198,2.354,20.00,11.42,100.00,0.00,1
5.217,2.374,20.00,11.62,100.00,0.00,1
5.237,2.394,20.00,11.80,100.00,0.00,1
5.275,2.432,20.00,12.14,100.00,0.00,1
5.295,2.452,20.00,12.40,100.00,0.00,1
5.314,2.471,20.00,12.52,100.00,0.00,1
5.335,2.491,20.00,12.72,100.00,0.00,1
5.373,2.530,20.00,12.99,100.00,0.00,1
5.394,2.551,20.00,13.11,100.00,0.00,1
5.413,2.569,20.00,13.37,100.00,0.00,1
5.433,2.589,20.00,13.56,100.00,0.00,1
5.471,2.628,20.00,13.50,100.00,0.00,1
5.491,2.648,20.00,13.88,100.00,0.00,1
5.511,2.668,20.00,13.88,100.00,0.00,1
5.531,2.687,20.00,13.95,100.00,0.00,1
5.551,2.708,20.00,14.39,100.00,0.00,1
5.590,2.746,20.00,14.53,100.00,0.00,1
5.609,2.766,20.00,14.72,100.00,0.00,1
5.628,2.785,20.00,14.90,100.00,0.00,1
5.667,2.824,20.00,14.90,100.00,0.00,1
5.687,2.844,20.00,15.10,100.00,0.00,1
5.707,2.864,20.00,15.23,100.00,0.00,1
5.726,2.883,20.00,15.36,100.00,0.00,1
5.747,2.903,20.00,15.60,100.00,0.00,1
5.785,2.942,20.00,15.79,100.00,0.00,1
5.805,2.962,20.00,15.86,100.00,0.00,1
5.824,2.981,20.00,15.79,100.00,0.00,1
5.845,3.001,20.00,15.67,100.00,0.00,1
5.883,3.040,20.00,16.17,100.00,0.00,1
5.903,3.060,20.00,16.24,100.00,0.00,1
5.922,3.079,20.00,16.61,100.00,0.00,1
5.942,3.099,20.00,16.61,100.00,0.00,1
5.962,3.119,20.00,16.92,100.00,0.00,1
6.001,3.158,20.00,16.99,100.00,0.00,1
6.021,3.177,20.00,17.05,100.00,0.00,1
6.040,3.197,20.00,17.17,100.00,0.00,1
6.061,3.218,20.00,17.42,100.00,0.00,1
6.099,3.256,20.00,17.42,100.00,0.00,1
6.118,3.275,20.00,17.67,100.00,0.00,1
6.139,3.296,20.00,17.98,100.00,0.00,1
6.159,3.316,20.00,18.28,100.00,0.00,1
6.197,3.354,20.00,18.16,100.00,0.00,1
6.217,3.373,20.00,18.35,100.00,0.00,1
6.237,3.394,20.00,18.89,100.00,0.00,1
6.275,3.432,20.00,18.96,100.00,0.00,1
6.295,3.452,20.00,19.26,100.00,0.00,1
6.316,3.472,20.00,19.21,100.00,0.00,1
6.334,3.491,20.00,19.44,100.00,0.00,1
6.354,3.511,20.00,19.51,0.00,0.00,1
6.393,3.550,20.00,19.75,0.00,0.00,1
6.414,3.570,20.00,19.81,0.00,0.00,1
6.433,3.590,20.00,19.86,0.00,0.00,1
6.452,3.609,20.00,20.17,0.00,0.00,1
6.473,3.629,20.00,20.17,0.00,0.00,1
6.512,3.669,20.00,20.53,0.00,2.64,1
6.531,3.688,20.00,20.65,0.00,3.30,1
6.570,3.727,20.00,20.82,0.00,4.16,1
6.589,3.746,20.00,21.13,0.00,5.72,1
6.609,3.766,20.00,21.07,0.00,5.43,1
6.649,3.806,20.00,21.18,0.00,6.03,1
6.668,3.825,20.00,20.95,0.00,4.89,1
6.687,3.844,20.00,22.95,0.00,14.95,1
6.727,3.884,20.00,22.31,0.00,11.78,1
6.746,3.903,20.00,20.65,0.00,3.52,1
6.767,3.924,20.00,23.53,0.00,17.97,1
6.786,3.943,20.00,21.84,0.00,9.54,1
6.825,3.982,20.00,22.13,0.00,11.05,1
6.844,4.001,20.00,23.13,0.00,16.10,1
6.864,4.021,20.00,21.95,0.00,10.26,1
6.884,4.041,20.00,22.95,0.00,15.32,1
6.923,4.080,20.00,22.89,0.00,15.07,1
6.942,4.099,20.00,22.71,0.00,14.24,1
6.962,4.119,20.00,22.78,0.00,14.61,1
6.982,4.139,20.00,22.60,0.00,13.78,1
7.022,4.178,20.00,22.95,0.00,15.60,1
7.042,4.199,20.00,22.55,0.00,13.63,1
7.080,4.237,20.00,22.49,0.00,13.37,1
7.099,4.256,20.00,22.78,0.00,14.88,1
7.119,4.276,20.00,22.71,0.00,14.62,1
7.139,4.296,20.00,21.95,0.00,10.85,1
7.178,4.335,20.00,22.37,0.00,12.99,1
7.198,4.355,20.00,22.55,0.00,13.93,1
7.217,4.374,20.00,22.95,0.00,16.01,1
7.238,4.394,20.00,22.84,0.00,15.50,1
7.276,4.433,20.00,22.66,0.00,14.67,1
7.296,4.453,20.00,23.42,0.00,18.51,1
7.315,4.472,20.00,22.89,0.00,15.93,1
7.354,4.511,20.00,23.30,0.00,18.07,1
7.375,4.532,20.00,23.36,0.00,18.39,1
7.394,4.551,20.00,22.84,0.00,15.87,1
7.413,4.570,20.00,22.78,0.00,15.61,1
7.453,4.610,20.00,23.02,0.00,16.86,1
7.473,4.629,20.00,23.02,0.00,16.92,1
7.492,4.649,20.00,23.18,0.00,17.81,1
7.531,4.688,20.00,23.18,0.00,17.88,1
7.552,4.708,20.00,23.02,0.00,17.11,1
7.570,4.727,20.00,23.02,0.00,17.17,1
7.590,4.747,20.00,23.02,0.00,17.23,1
7.629,4.786,20.00,23.07,0.00,17.55,1
7.649,4.806,20.00,23.18,0.00,18.18,1
7.668,4.825,20.00,23.07,0.00,17.68,1
7.688,4.845,20.00,22.89,0.00,16.85,1
7.727,4.884,20.00,22.95,0.00,17.22,1
7.747,4.904,20.00,23.02,0.00,17.59,1
7.766,4.923,20.00,22.89,0.00,17.03,1
7.786,4.943,20.00,22.89,0.00,17.09,1
7.807,4.964,20.00,23.13,0.00,18.34,1
7.845,5.002,20.00,23.36,0.00,19.54,1
14.671,0.022,20.00,23.48,0.00,20.23,2
14.691,0.042,20.00,23.13,0.00,18.54,2
14.710,0.061,20.00,23.18,0.00,18.86,2
14.730,0.081,20.00,23.36,0.00,19.81,2
14.749,0.100,20.00,22.89,0.00,17.54,2
14.789,0.140,20.00,23.30,0.00,19.67,2
14.808,0.159,20.00,23.48,0.00,20.62,2
14.828,0.179,20.00,23.30,0.00,19.81,2
14.847,0.198,20.00,23.18,0.00,19.25,2
14.887,0.238,20.00,23.24,0.00,19.63,2
14.906,0.257,20.00,23.36,0.00,20.26,2
14.926,0.277,20.00,23.24,0.00,19.76,2
14.945,0.296,20.00,23.18,0.00,19.51,2
14.985,0.336,20.00,23.18,0.00,19.58,2
15.004,0.355,20.00,23.13,0.00,19.38,2
15.024,0.375,20.00,23.18,0.00,19.70,2
15.044,0.395,20.00,23.02,0.00,18.94,2
15.083,0.434,20.00,23.02,0.00,19.00,2
15.102,0.453,20.00,19.26,0.00,0.00,2
15.122,0.473,20.00,19.38,0.00,0.00,2
15.142,0.493,20.00,18.96,0.00,0.00,2
15.181,0.532,20.00,18.96,0.00,0.00,2
15.200,0.551,20.00,19.26,0.00,0.00,2
15.220,0.571,20.00,19.26,0.00,0.00,2
15.240,0.591,20.00,19.26,0.00,0.00,2
15.259,0.610,20.00,19.14,0.00,0.00,2
15.299,0.650,20.00,19.08,0.00,0.00,2
15.318,0.669,20.00,19.21,0.00,0.00,2
15.338,0.689,20.00,19.26,0.00,0.00,2
15.357,0.708,20.00,19.26,0.00,0.00,2
15.397,0.748,20.00,19.26,0.00,0.00,2
15.416,0.767,20.00,19.26,0.00,0.00,2
15.436,0.787,20.00,19.38,0.00,0.00,2
15.456,0.807,20.00,19.21,0.00,0.00,2
15.495,0.846,20.00,19.38,0.00,0.00,2
15.514,0.865,20.00,19.33,0.00,0.00,2
15.534,0.885,20.00,19.14,0.00,0.00,2
15.554,0.905,20.00,19.14,0.00,0.00,2
15.593,0.944,20.00,19.33,0.00,0.00,2
15.612,0.963,20.00,19.21,0.00,0.00,2
15.632,0.983,20.00,19.08,0.00,0.00,2
15.652,1.003,20.00,19.14,0.00,0.00,2
15.691,1.042,20.00,19.26,0.00,0.00,2
15.711,1.062,20.00,19.26,0.00,0.00,2
15.730,1.081,20.00,19.02,0.00,0.00,2
15.751,1.102,20.00,19.14,0.00,0.00,2
15.789,1.140,20.00,19.08,0.00,0.00,2
15.809,1.160,20.00,19.14,0.00,0.00,2
15.828,1.180,20.00,19.08,0.00,0.00,2
15.848,1.199,20.00,19.02,0.00,0.00,2
15.887,1.238,20.00,19.26,0.00,0.00,2
15.907,1.258,20.00,19.14,0.00,0.00,2
15.926,1.277,20.00,19.02,0.00,0.00,2
15.947,1.298,20.00,19.21,0.00,0.00,2
15.985,1.336,20.00,19.14,0.00,0.00,2
16.005,1.356,20.00,19.08,0.00,0.00,2
16.025,1.376,20.00,19.08,0.00,0.00,2
16.044,1.395,20.00,19.02,0.00,0.00,2
16.083,1.434,20.00,19.02,0.00,0.00,2
16.104,1.455,20.00,19.08,0.00,0.00,2
16.123,1.474,20.00,18.96,0.00,0.00,2
16.162,1.513,20.00,19.02,0.00,0.00,2
16.181,1.532,20.00,18.96,0.00,0.00,2
16.201,1.552,20.00,18.89,0.00,0.00,2
16.221,1.572,20.00,18.96,0.00,0.00,2
16.260,1.611,20.00,19.02,0.00,0.00,2
16.279,1.630,20.00,19.08,0.00,0.00,2
16.300,1.651,20.00,19.14,0.00,0.00,2
16.320,1.671,20.00,19.02,0.00,0.00,2
16.358,1.709,20.00,18.96,0.00,0.00,2
16.377,1.728,20.00,19.02,0.00,0.00,2
16.397,1.748,20.00,19.08,0.00,0.00,2
16.418,1.769,20.00,19.02,0.00,0.00,2
16.456,1.807,20.00,18.96,0.00,0.00,2
16.477,1.828,20.00,19.02,0.00,0.00,2
16.495,1.846,20.00,18.96,0.00,0.00,2
16.534,1.885,20.00,18.96,0.00,0.00,2
16.555,1.906,20.00,19.02,0.00,0.00,2
16.575,1.926,20.00,19.08,0.00,0.00,2
16.613,1.965,20.00,18.96,0.00,0.00,2
16.632,1.983,20.00,18.96,0.00,0.00,2
16.652,2.003,20.00,19.02,0.00,0.00,2
16.691,2.042,20.00,18.96,0.00,0.00,2
16.711,2.063,20.00,18.84,0.00,0.00,2
16.731,2.082,20.00,18.84,0.00,0.00,2
16.750,2.101,20.00,18.59,0.00,0.00,2
16.789,2.140,20.00,18.84,0.00,0.00,2
16.809,2.160,20.00,18.96,0.00,0.00,2
16.829,2.180,20.00,18.72,0.00,0.00,2
16.849,2.200,20.00,18.72,0.00,0.00,2
16.868,2.219,20.00,18.89,0.00,0.00,2
16.908,2.259,20.00,18.84,0.00,0.00,2
16.927,2.278,20.00,18.72,0.00,0.00,2
16.946,2.297,20.00,18.77,0.00,0.00,2
16.966,2.317,20.00,18.84,0.00,0.00,2
17.005,2.356,20.00,18.84,0.00,0.00,2
17.025,2.376,20.00,18.89,0.00,0.00,2
17.045,2.396,20.00,18.77,0.00,0.00,2
17.064,2.415,20.00,18.77,0.00,0.00,2
17.103,2.454,20.00,18.96,0.00,0.00,2
17.124,2.475,20.00,18.65,0.00,0.00,2
17.144,2.495,20.00,18.72,0.00,0.00,2
17.163,2.514,20.00,18.84,0.00,0.00,2
17.202,2.553,20.00,18.72,0.00,0.00,2
17.221,2.572,20.00,18.72,0.00,0.00,2
17.242,2.593,20.00,18.84,0.00,0.00,2
17.260,2.611,20.00,18.72,0.00,0.00,2
17.300,2.651,20.00,18.65,0.00,0.00,2
17.320,2.671,20.00,18.77,0.00,0.00,2
17.339,2.690,20.00,18.72,0.00,0.00,2
17.358,2.709,20.00,18.59,0.00,0.00,2
17.398,2.750,20.00,18.72,0.00,0.00,2
17.417,2.768,20.00,18.72,0.00,0.00,2
17.457,2.808,20.00,18.72,0.00,0.00,2
17.476,2.827,20.00,18.65,0.00,0.00,2
17.496,2.847,20.00,18.59,0.00,0.00,2
17.536,2.887,20.00,18.53,0.00,0.00,2
17.555,2.906,20.00,18.53,0.00,0.00,2
17.574,2.925,20.00,18.59,0.00,0.00,2
17.613,2.965,20.00,18.65,0.00,0.00,2
17.634,2.985,20.00,18.65,0.00,0.00,2
17.654,3.005,20.00,18.65,0.00,0.00,2
17.672,3.023,20.00,18.65,0.00,0.00,2
17.711,3.062,20.00,18.59,0.00,0.00,2
17.731,3.082,20.00,18.59,0.00,0.00,2
17.751,3.102,20.00,18.65,0.00,0.00,2
17.771,3.122,20.00,18.59,0.00,0.00,2
17.790,3.141,20.00,18.53,0.00,0.00,2
17.829,3.180,20.00,18.53,0.00,0.00,2
17.850,3.201,20.00,18.59,0.00,0.00,2
17.868,3.219,20.00,18.59,0.00,0.00,2
17.908,3.259,20.00,18.47,0.00,0.00,2
17.927,3.278,20.00,18.47,0.00,0.00,2
17.947,3.298,20.00,18.53,0.00,0.00,2
17.967,3.318,20.00,18.53,0.00,0.00,2
18.007,3.358,20.00,18.53,0.00,0.00,2
18.025,3.376,20.00,18.59,0.00,0.00,2
18.045,3.396,20.00,18.59,0.00,0.00,2
18.084,3.435,20.00,18.47,0.00,0.00,2
18.104,3.455,20.00,18.59,0.00,0.00,2
18.123,3.474,20.00,18.53,0.00,0.00,2
18.143,3.494,20.00,18.47,0.00,0.00,2
18.183,3.534,20.00,18.47,0.00,0.00,2
18.203,3.554,20.00,18.40,0.00,0.00,2
18.221,3.572,20.00,18.47,0.00,0.00,2
18.261,3.612,20.00,18.53,0.00,0.00,2
18.280,3.631,20.00,18.47,0.00,0.00,2
18.301,3.652,20.00,18.47,0.00,0.00,2
18.339,3.690,20.00,18.40,0.00,0.00,2
18.359,3.710,20.00,18.47,0.00,0.00,2
18.378,3.729,20.00,18.40,0.00,0.00,2
18.398,3.749,20.00,18.40,0.00,0.00,2
18.419,3.770,20.00,18.40,0.00,0.00,2
18.457,3.808,20.00,18.40,0.00,0.00,2
18.476,3.827,20.00,18.40,0.00,0.00,2
18.497,3.848,20.00,18.28,0.00,0.00,2
18.516,3.867,20.00,18.35,0.00,0.00,2
18.555,3.906,20.00,18.28,0.00,0.00,2
18.576,3.927,20.00,18.35,0.00,0.00,2
18.595,3.946,20.00,18.40,0.00,0.00,2
18.614,3.965,20.00,18.35,0.00,0.00,2
18.654,4.005,20.00,18.28,0.16,0.00,2
18.673,4.024,20.00,18.28,0.29,0.00,2
18.692,4.043,20.00,18.35,0.33,0.00,2
18.731,4.082,20.00,18.28,0.56,0.00,2
18.751,4.102,20.00,18.16,0.88,0.00,2
18.771,4.122,20.00,18.35,0.75,0.00,2
18.790,4.141,20.00,18.23,1.06,0.00,2
18.811,4.162,20.00,18.23,1.20,0.00,2
18.850,4.201,20.00,18.28,1.26,0.00,2
18.870,4.221,20.00,18.23,1.48,0.00,2
18.888,4.239,20.00,18.16,1.72,0.00,2
18.928,4.279,20.00,18.16,1.86,0.00,2
18.947,4.298,20.00,18.23,1.92,0.00,2
18.967,4.318,20.00,18.23,2.06,0.00,2
19.006,4.357,20.00,18.16,2.29,0.00,2
19.026,4.377,20.00,18.23,2.35,0.00,2
19.045,4.396,20.00,18.23,2.49,0.00,2
19.065,4.416,20.00,18.16,2.73,0.00,2
19.104,4.456,20.00,18.16,2.87,0.00,2
19.125,4.476,20.00,18.10,3.12,0.00,2
19.143,4.494,20.00,18.28,2.99,0.00,2
19.163,4.514,20.00,18.04,3.49,0.00,2
19.203,4.554,20.00,18.16,3.46,0.00,2
19.223,4.574,20.00,18.16,3.61,0.00,2
19.241,4.592,20.00,18.04,3.94,0.00,2
19.262,4.613,20.00,18.16,3.91,0.00,2
19.300,4.651,20.00,17.98,4.34,0.00,2
19.321,4.672,20.00,18.04,4.40,0.00,2
19.341,4.692,20.00,18.16,4.38,0.00,2
19.360,4.711,20.00,18.04,4.70,0.00,2
19.399,4.750,20.00,18.10,4.78,0.00,2
19.418,4.769,20.00,18.10,4.93,0.00,2
19.439,4.790,20.00,18.10,5.08,0.00,2
19.458,4.809,20.00,18.10,5.24,0.00,2
19.497,4.848,20.00,18.04,5.47,0.00,2
19.517,4.868,20.00,18.04,5.63,0.00,2
19.536,4.887,20.00,18.04,5.78,0.00,2
19.575,4.926,20.00,18.04,5.94,0.00,2
19.594,4.945,20.00,18.10,6.01,0.00,2
19.614,4.965,20.00,18.04,6.25,0.00,2
19.635,4.986,20.00,18.04,6.40,0.00,2
19.673,5.024,20.00,17.98,6.66,0.00,2
19.693,5.044,20.00,18.04,6.72,0.00,2
19.713,5.064,20.00,18.04,6.88,0.00,2
19.733,5.084,20.00,17.98,7.13,0.00,2
19.771,5.122,20.00,18.04,7.20,0.00,2
19.792,5.143,20.00,18.04,7.35,0.00,2
19.811,5.162,20.00,18.04,7.51,0.00,2
19.850,5.201,20.00,18.10,7.59,0.00,2
19.869,5.220,20.00,18.04,7.82,0.00,2
19.890,5.241,20.00,18.04,7.97,0.00,2
19.929,5.280,20.00,17.91,8.32,0.00,2
19.948,5.300,20.00,17.98,8.39,0.00,2
19.987,5.338,20.00,17.98,8.56,0.00,2
20.007,5.358,20.00,17.91,8.81,0.00,2
20.026,5.377,20.00,17.98,8.88,0.00,2
20.046,5.397,20.00,18.10,8.87,0.00,2
20.086,5.437,20.00,18.04,9.10,0.00,2
20.105,5.456,20.00,17.91,9.45,0.00,2
20.124,5.475,20.00,18.04,9.43,0.00,2
20.163,5.514,20.00,17.91,9.78,0.00,2
20.183,5.534,20.00,17.98,9.85,0.00,2
20.204,5.555,20.00,17.91,10.10,0.00,2
20.222,5.573,20.00,17.91,10.27,0.00,2
20.262,5.613,20.00,17.98,10.34,0.00,2
20.282,5.633,20.00,17.98,10.50,0.00,2
20.301,5.652,20.00,17.98,10.66,0.00,2
20.340,5.691,20.00,17.91,10.92,0.00,2
20.360,5.711,20.00,17.91,11.09,0.00,2
20.380,5.731,20.00,17.91,11.26,0.00,2
20.418,5.769,20.00,18.04,11.23,0.00,2
20.439,5.790,20.00,17.98,11.48,0.00,2
20.457,5.808,20.00,17.91,11.74,0.00,2
20.478,5.829,20.00,18.04,11.72,0.00,2
20.516,5.867,20.00,17.98,11.97,0.00,2
20.536,5.888,20.00,17.91,12.23,0.00,2
20.556,5.907,20.00,17.79,12.57,0.00,2
20.575,5.926,20.00,17.98,12.47,0.00,2
20.614,5.965,20.00,17.86,12.81,0.00,2
20.634,5.985,20.00,17.79,13.08,0.00,2
20.655,6.006,20.00,17.91,13.08,0.00,2
20.673,6.024,20.00,17.86,13.33,0.00,2
20.693,6.044,20.00,17.86,13.50,0.00,2
20.732,6.083,20.00,17.98,13.49,0.00,2
20.752,6.103,20.00,17.86,13.83,0.00,2
20.772,6.123,20.00,17.91,13.92,0.00,2
20.792,6.143,20.00,17.86,14.17,0.00,2
20.830,6.181,20.00,17.91,14.26,0.00,2
20.850,6.201,20.00,17.86,14.51,0.00,2
20.870,6.221,20.00,17.86,14.68,0.00,2
20.889,6.240,20.00,17.91,14.77,0.00,2
20.928,6.279,20.00,17.91,14.94,0.00,2
20.948,6.299,20.00,17.91,15.11,0.00,2
20.967,6.318,20.00,17.91,15.27,0.00,2
20.987,6.338,20.00,17.91,15.44,0.00,2
21.007,6.358,20.00,17.91,15.61,0.00,2
21.046,6.397,20.00,17.86,15.85,0.00,2
21.066,6.417,20.00,17.79,16.12,0.00,2
21.085,6.436,20.00,17.79,16.30,0.00,2
21.105,6.456,20.00,17.91,16.30,0.00,2
21.144,6.495,20.00,17.86,16.55,0.00,2
21.164,6.515,20.00,17.91,16.64,0.00,2
21.184,6.535,20.00,17.74,17.06,0.00,2
21.203,6.554,20.00,17.79,17.16,0.00,2
21.242,6.593,20.00,17.98,17.06,0.00,2
21.262,6.613,20.00,17.79,17.50,0.00,2
21.281,6.632,20.00,17.86,17.58,0.00,2
21.301,6.652,20.00,17.91,17.67,0.00,2
21.341,6.692,20.00,17.86,17.92,0.00,2
21.361,6.712,20.00,17.86,18.09,0.00,2
21.379,6.730,20.00,17.74,18.44,0.00,2
21.420,6.771,20.00,17.86,18.44,0.00,2
21.438,6.789,20.00,17.74,18.79,0.00,2
21.458,6.809,20.00,17.74,18.97,0.00,2
21.498,6.849,20.00,17.74,19.15,0.00,2
21.517,6.868,20.00,17.91,19.08,0.00,2
21.536,6.887,20.00,17.79,19.42,0.00,2
21.576,6.927,20.00,17.79,19.60,0.00,2
21.595,6.946,20.00,17.79,19.77,0.00,2
21.616,6.967,20.00,17.79,19.95,0.00,2
21.655,7.006,20.00,17.86,20.03,0.00,2
21.674,7.025,20.00,17.91,20.12,0.00,2
21.714,7.065,20.00,17.74,20.55,0.00,2
21.734,7.085,20.00,17.74,20.73,0.00,2
21.752,7.103,20.00,17.86,20.73,0.00,2
21.791,7.142,20.00,17.86,20.90,0.00,2
21.811,7.162,20.00,17.79,21.17,0.00,2
21.831,7.182,20.00,17.86,21.25,0.00,2
21.850,7.201,20.00,17.86,21.42,0.00,2
21.870,7.221,20.00,17.91,21.51,0.00,2
21.909,7.260,20.00,17.86,21.76,0.00,2
21.930,7.281,20.00,17.74,22.11,0.00,2
21.948,7.299,20.00,17.86,22.11,0.00,2
21.969,7.320,20.00,17.91,22.20,0.00,2
22.007,7.358,20.00,17.91,22.37,0.00,2
22.027,7.378,20.00,17.86,22.62,0.00,2
22.046,7.397,20.00,17.79,22.89,0.00,2
22.066,7.417,20.00,17.86,22.97,0.00,2
22.105,7.456,20.00,17.86,23.14,0.00,2
22.125,7.476,20.00,17.91,23.23,0.00,2
22.144,7.495,20.00,17.86,23.48,0.00,2
22.164,7.515,20.00,17.91,23.57,0.00,2
22.204,7.555,20.00,17.79,23.91,0.00,2
22.224,7.575,20.00,17.98,23.81,0.00,2
22.243,7.594,20.00,17.98,23.98,0.00,2
22.282,7.633,20.00,17.98,24.14,0.00,2
22.301,7.652,20.00,17.91,24.40,0.00,2
22.321,7.672,20.00,17.86,24.64,0.00,2
22.361,7.712,20.00,17.86,24.81,0.00,2
22.380,7.731,20.00,17.91,24.91,0.00,2
22.400,7.751,20.00,17.91,25.07,0.00,2
22.439,7.790,20.00,17.91,25.24,0.00,2
22.458,7.809,20.00,17.98,25.31,0.00,2
22.478,7.829,20.00,17.91,25.57,0.00,2
22.497,7.848,20.00,17.98,25.64,0.00,2
22.537,7.888,20.00,17.91,25.90,0.00,2
22.556,7.907,20.00,17.98,25.97,0.00,2
22.576,7.927,20.00,17.91,26.23,0.00,2
22.616,7.967,20.00,17.91,26.39,0.00,2
22.635,7.986,20.00,17.98,26.46,0.00,2
22.654,8.005,20.00,17.98,26.62,0.00,2
22.674,8.026,20.00,17.98,26.79,0.00,2
22.713,8.064,20.00,17.98,26.95,0.00,2
22.733,8.084,20.00,17.98,27.11,0.00,2
22.752,8.103,20.00,17.91,27.37,0.00,2
22.772,8.123,20.00,17.98,27.44,0.00,2
22.812,8.163,20.00,17.98,27.60,0.00,2
22.831,8.182,20.00,17.98,27.76,0.00,2
22.850,8.201,20.00,17.98,27.92,0.00,2
22.890,8.241,20.00,17.98,28.09,0.00,2
22.910,8.262,20.00,17.91,28.34,0.00,2
22.929,8.280,20.00,18.04,28.32,0.00,2
22.968,8.319,20.00,18.10,28.39,0.00,2
22.988,8.339,20.00,17.86,28.90,0.00,2
23.007,8.358,20.00,17.91,28.99,0.00,2
23.027,8.378,20.00,18.10,28.88,0.00,2
23.066,8.417,20.00,18.04,29.12,0.00,2
23.086,8.437,20.00,17.98,29.37,0.00,2
23.105,8.456,20.00,17.98,29.53,0.00,2
23.125,8.476,20.00,18.04,29.60,0.00,2
23.165,8.516,20.00,17.98,29.85,0.00,2
23.184,8.535,20.00,17.98,30.01,0.00,2
23.223,8.574,20.00,18.04,30.08,0.00,2
23.243,8.594,20.00,18.10,30.15,0.00,2
23.262,8.613,20.00,17.98,30.48,0.00,2
23.283,8.634,20.00,18.04,30.55,0.00,2
23.322,8.673,20.00,18.10,30.62,0.00,2
23.340,8.691,20.00,18.04,30.85,0.00,2
23.360,8.711,20.00,18.04,31.01,0.00,2
23.399,8.751,20.00,18.04,31.17,0.00,2
23.420,8.771,20.00,18.04,31.32,0.00,2
23.438,8.789,20.00,18.10,31.40,0.00,2
23.459,8.810,20.00,18.10,31.55,0.00,2
23.498,8.849,20.00,17.98,31.88,0.00,2
23.518,8.869,20.00,18.10,31.87,0.00,2
23.536,8.887,20.00,18.10,32.02,0.00,2
23.576,8.927,20.00,18.10,32.17,0.00,2
23.595,8.946,20.00,18.10,32.32,0.00,2
23.616,8.967,20.00,18.10,32.47,0.00,2
23.655,9.006,20.00,18.16,32.53,0.00,2
23.675,9.026,20.00,18.16,32.68,0.00,2
23.693,9.044,20.00,18.16,32.82,0.00,2
23.733,9.084,20.00,18.16,32.97,0.00,2
23.752,9.103,20.00,18.23,33.02,0.00,2
23.772,9.123,20.00,18.10,33.36,0.00,2
23.811,9.162,20.00,18.16,33.41,0.00,2
23.832,9.183,20.00,18.23,33.46,0.00,2
23.850,9.201,20.00,18.16,33.70,0.00,2
23.890,9.241,20.00,18.16,33.85,0.00,2
23.909,9.260,20.00,18.23,33.90,0.00,2
23.930,9.281,20.00,18.23,34.04,0.00,2
23.948,9.300,20.00,18.23,34.18,0.00,2
23.988,9.339,20.00,18.23,34.32,0.00,2
24.007,9.358,20.00,18.28,34.38,0.00,2
24.028,9.379,20.00,18.28,34.52,0.00,2
24.066,9.417,20.00,18.28,34.66,0.00,2
24.086,9.437,20.00,18.23,34.88,0.00,2
24.105,9.456,20.00,18.23,35.02,0.00,2
24.125,9.476,20.00,18.23,35.16,0.00,2
24.144,9.495,20.00,18.28,35.22,0.00,2
24.185,9.536,20.00,18.28,35.36,0.00,2
24.223,9.574,20.00,18.28,35.49,0.00,2
24.243,9.594,20.00,18.28,35.63,0.00,2
24.262,9.613,20.00,18.28,35.77,0.00,2
24.282,9.633,20.00,18.28,35.91,0.00,2
24.321,9.672,20.00,18.28,36.04,0.00,2
24.342,9.693,20.00,18.28,36.18,0.00,2
24.360,9.711,20.00,18.35,36.22,0.00,2
24.400,9.751,20.00,18.35,36.35,0.00,2
24.420,9.771,20.00,18.40,36.41,0.00,2
24.458,9.809,20.00,18.40,36.53,0.00,2
24.479,9.830,20.00,18.40,36.66,0.00,2
24.497,9.848,20.00,18.47,36.69,0.00,2
24.517,9.868,20.00,18.40,36.91,0.00,2
24.556,9.907,20.00,18.47,36.94,0.00,2
24.576,9.927,20.00,18.40,37.16,0.00,2
24.595,9.946,20.00,18.47,37.19,0.00,2
24.615,9.966,20.00,18.53,37.22,0.00,2
24.654,10.005,20.00,18.40,37.53,0.00,2
31.519,0.033,15.00,18.47,0.00,8.58,3
31.537,0.051,15.00,18.53,0.00,8.98,3
31.578,0.091,15.00,18.53,0.00,9.05,3
31.596,0.110,15.00,18.59,0.00,9.39,3
31.617,0.131,15.00,18.65,0.00,9.79,3
31.656,0.169,15.00,18.59,0.00,9.53,3
31.675,0.189,15.00,18.59,0.00,9.61,3
31.695,0.209,15.00,18.65,0.00,10.01,3
31.733,0.247,15.00,18.72,0.00,10.41,3
31.753,0.267,15.00,18.72,0.00,10.48,3
31.774,0.288,15.00,18.72,0.00,10.56,3
31.793,0.307,15.00,18.65,0.00,10.30,3
31.832,0.346,15.00,18.65,0.00,10.38,3
31.851,0.365,15.00,18.77,0.00,11.05,3
31.871,0.385,15.00,18.72,0.00,10.85,3
31.890,0.404,15.00,18.72,0.00,10.93,3
31.931,0.445,15.00,18.84,0.00,11.60,3
31.949,0.463,15.00,18.84,0.00,11.68,3
31.989,0.503,15.00,18.72,0.00,11.15,3
32.008,0.522,15.00,18.77,0.00,11.50,3
32.029,0.543,15.00,18.89,0.00,12.18,3
32.067,0.581,15.00,18.89,0.00,12.25,3
32.088,0.602,15.00,25.59,0.00,45.97,3
32.106,0.620,15.00,25.42,0.00,45.33,3
32.146,0.660,15.00,25.59,0.00,46.39,3
32.165,0.679,15.00,25.42,0.00,45.75,3
32.205,0.718,15.00,25.36,0.00,45.65,3
32.224,0.738,15.00,25.47,0.00,46.41,3
32.243,0.757,15.00,25.19,0.00,45.21,3
32.284,0.797,15.00,25.59,0.00,47.43,3
32.302,0.816,15.00,25.59,0.00,47.64,3
32.342,0.856,15.00,25.59,0.00,47.85,3
32.362,0.876,15.00,25.87,0.00,49.47,3
32.381,0.895,15.00,25.47,0.00,47.68,3
32.420,0.934,15.00,25.76,0.00,49.35,3
32.440,0.954,15.00,25.92,0.00,50.37,3
32.460,0.973,15.00,25.98,0.00,50.89,3
32.479,0.993,15.00,25.42,0.00,48.29,3
32.519,1.032,15.00,25.81,0.00,50.46,3
32.539,1.053,15.00,25.92,0.00,51.23,3
32.577,1.091,15.00,25.92,0.00,51.45,3
32.598,1.112,15.00,25.64,0.00,50.26,3
32.616,1.130,15.00,26.04,0.00,52.48,3
32.655,1.169,15.00,25.98,0.00,52.40,3
32.675,1.189,15.00,25.70,0.00,51.22,3
32.695,1.209,15.00,25.70,0.00,51.43,3
32.714,1.228,15.00,25.98,0.00,53.05,3
32.734,1.248,15.00,26.04,0.00,53.57,3
32.773,1.287,15.00,26.04,0.00,53.79,3
32.793,1.307,15.00,26.04,0.00,54.01,3
32.812,1.326,15.00,25.70,0.00,52.53,3
32.832,1.346,15.00,25.59,0.00,52.19,3
32.852,1.366,15.00,25.59,0.00,52.40,3
32.891,1.405,15.00,25.92,0.00,54.27,3
32.911,1.425,15.00,26.37,0.00,56.74,3
32.930,1.444,15.00,25.47,0.00,52.45,3
32.950,1.464,15.00,25.31,0.00,51.85,3
32.990,1.503,15.00,26.32,0.00,57.13,3
33.009,1.523,15.00,25.42,0.00,52.84,3
33.028,1.542,15.00,25.25,0.00,52.19,3
33.067,1.581,15.00,25.92,0.00,55.77,3
33.087,1.601,15.00,26.26,0.00,57.69,3
33.107,1.621,15.00,25.70,0.00,55.11,3
33.126,1.640,15.00,25.25,0.00,53.05,3
33.165,1.679,15.00,25.70,0.00,55.53,3
33.185,1.699,15.00,26.04,0.00,57.45,3
33.205,1.719,15.00,25.70,0.00,55.96,3
33.224,1.738,15.00,25.36,0.00,54.46,3
33.244,1.758,15.00,25.59,0.00,55.83,3
33.283,1.797,15.00,25.92,0.00,57.70,3
33.303,1.817,15.00,25.19,0.00,54.24,3
33.322,1.836,15.00,25.42,0.00,55.61,3
33.342,1.856,15.00,25.64,0.00,56.93,3
33.381,1.895,15.00,25.47,0.00,56.28,3
33.402,1.915,15.00,25.53,0.00,56.79,3
33.421,1.935,15.00,24.97,0.00,54.17,3
33.440,1.954,15.00,24.91,0.00,54.07,3
33.479,1.993,15.00,25.08,0.00,55.13,3
33.499,2.013,15.00,25.08,0.00,55.33,3
33.520,2.034,15.00,25.08,0.00,55.53,3
33.539,2.053,15.00,24.91,0.00,54.87,3
33.577,2.091,15.00,25.02,0.00,55.63,3
33.597,2.111,15.00,24.86,0.00,55.02,3
33.617,2.131,15.00,24.56,0.00,53.74,3
33.636,2.150,15.00,24.74,0.00,54.79,3
33.677,2.190,15.00,25.25,0.00,57.58,3
33.695,2.209,15.00,25.08,0.00,56.92,3
33.715,2.229,15.00,24.45,0.00,53.97,3
33.754,2.268,15.00,24.45,0.00,54.16,3
33.774,2.288,15.00,24.86,0.00,56.38,3
33.793,2.307,15.00,24.56,0.00,55.10,3
33.814,2.328,15.00,24.23,0.00,53.61,3
33.852,2.366,15.00,26.37,0.00,64.55,3
33.872,2.386,15.00,24.62,0.00,56.01,3
33.892,2.406,15.00,24.34,0.00,54.78,3
33.911,2.425,15.00,25.02,0.00,58.38,3
33.950,2.464,15.00,24.56,0.00,56.29,3
33.970,2.484,15.00,23.36,0.00,50.42,3
33.990,2.504,15.00,24.05,0.00,54.09,3
34.010,2.524,15.00,25.02,0.00,59.12,3
34.048,2.562,15.00,24.40,0.00,56.21,3
34.068,2.582,15.00,23.71,0.00,52.91,3
34.088,2.602,15.00,24.28,0.00,55.96,3
34.107,2.621,15.00,24.05,0.00,55.02,3
34.128,2.641,15.00,23.99,0.00,54.89,3
34.166,2.680,15.00,24.05,0.00,55.38,3
34.186,2.700,15.00,23.77,0.00,54.12,3
34.205,2.719,15.00,23.77,0.00,54.30,3
34.225,2.739,15.00,23.88,0.00,55.04,3
34.245,2.759,15.00,23.88,0.00,55.22,3
34.284,2.798,15.00,23.36,0.00,52.76,3
34.303,2.817,15.00,24.11,0.00,56.69,3
34.323,2.837,15.00,23.42,0.00,53.42,3
34.363,2.877,15.00,23.13,0.00,52.14,3
34.383,2.896,15.00,23.59,0.00,54.63,3
34.402,2.916,15.00,23.64,0.00,55.06,3
34.441,2.955,15.00,23.53,0.00,54.67,3
34.460,2.974,15.00,23.36,0.00,53.96,3
34.480,2.994,15.00,23.48,0.00,54.75,3
34.500,3.014,15.00,23.36,0.00,54.29,3
34.540,3.053,15.00,23.30,0.00,54.20,3
34.559,3.073,15.00,23.30,0.00,54.37,3
34.578,3.092,15.00,23.18,0.00,53.91,3
34.618,3.132,15.00,23.18,0.00,54.08,3
34.637,3.151,15.00,23.07,0.00,53.67,3
34.657,3.171,15.00,23.18,0.00,54.40,3
34.696,3.210,15.00,23.02,0.00,53.73,3
34.715,3.229,15.00,22.95,0.00,53.58,3
34.735,3.249,15.00,22.89,0.00,53.43,3
34.756,3.269,15.00,22.66,0.00,52.44,3
34.794,3.308,15.00,22.78,0.00,53.17,3
34.814,3.328,15.00,22.78,0.00,53.32,3
34.833,3.347,15.00,22.60,0.00,52.59,3
34.854,3.367,15.00,22.55,0.00,52.48,3
34.893,3.407,15.00,22.49,0.00,52.32,3
34.912,3.426,15.00,22.55,0.00,52.78,3
34.931,3.445,15.00,22.42,0.00,52.31,3
34.970,3.484,15.00,22.55,0.00,53.08,3
34.990,3.504,15.00,22.25,0.00,51.72,3
35.010,3.524,15.00,22.31,0.00,52.18,3
35.029,3.543,15.00,22.31,0.00,52.32,3
35.069,3.583,15.00,22.31,0.00,52.47,3
35.088,3.602,15.00,22.19,0.00,52.04,3
35.108,3.622,15.00,22.13,0.00,51.87,3
35.147,3.661,15.00,22.19,0.00,52.32,3
35.167,3.681,15.00,22.19,0.00,52.47,3
35.186,3.700,15.00,22.02,0.00,51.72,3
35.206,3.720,15.00,21.95,0.00,51.54,3
35.226,3.740,15.00,22.08,0.00,52.31,3
35.265,3.779,15.00,21.90,0.00,51.56,3
35.285,3.799,15.00,21.95,0.00,51.96,3
35.304,3.818,15.00,22.02,0.00,52.42,3
35.344,3.858,15.00,21.95,0.00,52.24,3
35.363,3.877,15.00,21.84,0.00,51.80,3
35.384,3.898,15.00,21.84,0.00,51.94,3
35.403,3.916,15.00,21.77,0.00,51.76,3
35.442,3.955,15.00,21.72,0.00,51.63,3
35.461,3.975,15.00,21.72,0.00,51.77,3
35.482,3.996,15.00,21.72,0.00,51.90,3
35.521,4.034,15.00,21.72,0.00,52.03,3
35.540,4.054,15.00,21.61,0.00,51.59,3
35.560,4.074,15.00,21.61,0.00,51.72,3
35.598,4.112,15.00,21.54,0.00,51.54,3
35.618,4.132,15.00,21.43,0.00,51.08,3
35.638,4.152,15.00,21.48,0.00,51.48,3
35.657,4.171,15.00,21.30,0.00,50.71,3
35.677,4.191,15.00,21.36,0.00,51.15,3
35.716,4.230,15.00,21.36,0.00,51.28,3
35.737,4.251,15.00,21.30,0.00,51.09,3
35.755,4.269,15.00,21.25,0.00,50.95,3
35.795,4.309,15.00,21.36,0.00,51.66,3
35.814,4.328,15.00,21.13,0.00,50.62,3
35.834,4.348,15.00,21.18,0.00,51.00,3
35.873,4.387,15.00,21.25,0.00,51.45,3
35.894,4.407,15.00,21.13,0.00,50.99,3
35.932,4.446,15.00,21.00,0.00,50.47,3
35.951,4.465,15.00,21.00,0.00,50.59,3
35.971,4.485,15.00,20.95,0.00,50.45,3
35.991,4.505,15.00,20.89,0.00,50.25,3
36.031,4.544,15.00,21.00,0.00,50.95,3
36.049,4.563,15.00,20.77,0.00,49.90,3
36.069,4.583,15.00,20.89,0.00,50.60,3
36.108,4.622,15.00,20.77,0.00,50.13,3
36.128,4.642,15.00,20.71,0.00,49.93,3
36.149,4.663,15.00,20.82,0.00,50.63,3
36.167,4.681,15.00,20.53,0.00,49.25,3
36.208,4.721,15.00,20.59,0.00,49.68,3
36.226,4.740,15.00,20.59,0.00,49.79,3
36.265,4.779,15.00,20.53,0.00,49.58,3
36.285,4.799,15.00,20.47,0.00,49.43,3
36.305,4.819,15.00,20.59,0.00,50.12,3
36.325,4.839,15.00,20.47,0.00,49.65,3
36.344,4.858,15.00,20.47,0.00,49.76,3
36.383,4.897,15.00,20.35,0.00,49.22,3
36.404,4.918,15.00,20.41,0.00,49.65,3
36.443,4.957,15.00,20.41,0.00,49.76,3
36.462,4.976,15.00,20.29,0.00,49.28,3
36.501,5.015,15.00,20.41,0.00,49.97,3
36.521,5.034,15.00,20.29,0.00,49.49,3
36.540,5.054,15.00,20.35,0.00,49.87,3
36.580,5.094,15.00,20.29,0.00,49.71,3
36.599,5.113,15.00,20.23,0.00,49.49,3
36.619,5.133,15.00,20.17,0.00,49.33,3
36.659,5.172,15.00,20.11,0.00,49.11,3
36.677,5.191,15.00,20.17,0.00,49.53,3
36.697,5.211,15.00,20.17,0.00,49.63,3
36.736,5.250,15.00,20.05,0.00,49.09,3
36.756,5.270,15.00,20.05,0.00,49.19,3
36.777,5.291,15.00,19.93,0.00,48.70,3
36.795,5.309,15.00,19.93,0.00,48.80,3
36.834,5.348,15.00,19.93,0.00,48.90,3
36.855,5.369,15.00,19.81,0.00,48.41,3
36.874,5.388,15.00,19.75,0.00,48.18,3
36.914,5.427,15.00,19.75,0.00,48.27,3
36.933,5.447,15.00,19.63,0.00,47.78,3
36.953,5.467,15.00,19.69,0.00,48.19,3
36.992,5.505,15.00,19.69,0.00,48.29,3
37.012,5.526,15.00,19.63,0.00,48.06,3
37.032,5.545,15.00,19.56,0.00,47.82,3
37.070,5.584,15.00,19.56,0.00,47.91,3
37.090,5.604,15.00,19.44,0.00,47.41,3
37.109,5.623,15.00,19.51,0.00,47.82,3
37.130,5.643,15.00,19.63,0.00,48.51,3
37.168,5.682,15.00,19.38,0.00,47.36,3
37.188,5.702,15.00,19.51,0.00,48.09,3
37.207,5.721,15.00,19.38,0.00,47.54,3
37.227,5.741,15.00,19.26,0.00,47.03,3
37.247,5.761,15.00,19.26,0.00,47.11,3
37.286,5.800,15.00,19.26,0.00,47.20,3
37.305,5.819,15.00,19.21,0.00,47.01,3
37.325,5.839,15.00,19.21,0.00,47.10,3
37.345,5.859,15.00,19.38,0.00,48.05,3
37.384,5.898,15.00,19.26,0.00,47.54,3
37.405,5.918,15.00,19.26,0.00,47.62,3
37.424,5.937,15.00,19.21,0.00,47.44,3
37.463,5.977,15.00,19.14,0.00,47.20,3
37.482,5.996,15.00,19.14,0.00,47.28,3
37.503,6.017,15.00,19.08,0.00,47.04,3
37.542,6.056,15.00,19.08,0.00,47.12,3
37.561,6.075,15.00,19.14,0.00,47.52,3
37.581,6.095,15.00,19.08,0.00,47.28,3
37.619,6.133,15.00,18.96,0.00,46.76,3
37.639,6.153,15.00,19.08,0.00,47.44,3
37.659,6.173,15.00,18.89,0.00,46.60,3
37.678,6.192,15.00,18.96,0.00,47.00,3
37.717,6.231,15.00,18.96,0.00,47.08,3
37.737,6.251,15.00,18.96,0.00,47.16,3
37.757,6.271,15.00,18.89,0.00,46.91,3
37.776,6.290,15.00,18.89,0.00,46.99,3
37.796,6.310,15.00,18.84,0.00,46.80,3
37.835,6.349,15.00,18.84,0.00,46.87,3
37.855,6.369,15.00,18.84,0.00,46.95,3
37.874,6.388,15.00,18.77,0.00,46.70,3
37.894,6.408,15.00,18.84,0.00,47.10,3
37.933,6.447,15.00,18.72,0.00,46.58,3
37.953,6.467,15.00,18.77,0.00,46.93,3
37.972,6.486,15.00,18.65,0.00,46.40,3
37.993,6.506,15.00,18.65,0.00,46.48,3
38.012,6.526,15.00,18.65,0.00,46.55,3
38.052,6.566,15.00,18.65,0.00,46.62,3
38.072,6.586,15.00,18.72,0.00,47.02,3
38.090,6.604,15.00,18.59,0.00,46.44,3
38.129,6.643,15.00,18.59,0.00,46.51,3
38.149,6.663,15.00,18.53,0.00,46.31,3
38.169,6.683,15.00,18.47,0.00,46.05,3
38.188,6.702,15.00,18.53,0.00,46.45,3
38.229,6.743,15.00,18.59,0.00,46.80,3
38.247,6.761,15.00,18.53,0.00,46.59,3
38.286,6.800,15.00,18.47,0.00,46.34,3
38.306,6.820,15.00,18.35,0.00,45.80,3
38.326,6.840,15.00,18.35,0.00,45.87,3
38.345,6.859,15.00,18.47,0.00,46.54,3
38.365,6.879,15.00,18.35,0.00,46.01,3
38.405,6.918,15.00,18.28,0.00,45.75,3
38.424,6.938,15.00,18.47,0.00,46.74,3
38.443,6.957,15.00,18.28,0.00,45.88,3
38.483,6.997,15.00,18.23,0.00,45.67,3
38.503,7.017,15.00,18.35,0.00,46.34,3
38.522,7.036,15.00,18.23,0.00,45.80,3
38.541,7.055,15.00,18.28,0.00,46.14,3
38.581,7.095,15.00,18.16,0.00,45.60,3
38.601,7.114,15.00,18.16,0.00,45.67,3
38.620,7.134,15.00,18.10,0.00,45.40,3
38.659,7.173,15.00,18.04,0.00,45.19,3
38.680,7.194,15.00,18.10,0.00,45.52,3
38.699,7.212,15.00,17.98,0.00,44.98,3
38.718,7.232,15.00,17.98,0.00,45.04,3
38.757,7.271,15.00,17.98,0.00,45.10,3
38.777,7.291,15.00,17.86,0.00,44.55,3
38.796,7.310,15.00,17.86,0.00,44.61,3
38.816,7.330,15.00,17.79,0.00,44.34,3
38.855,7.369,15.00,17.79,0.00,44.39,3
38.875,7.389,15.00,17.74,0.00,44.17,3
38.894,7.408,15.00,17.67,0.00,43.90,3
38.914,7.428,15.00,17.74,0.00,44.28,3
38.934,7.448,15.00,17.67,0.00,44.01,3
38.973,7.487,15.00,17.60,0.00,43.73,3
38.994,7.507,15.00,17.60,0.00,43.78,3
39.013,7.527,15.00,17.60,0.00,43.83,3
39.051,7.565,15.00,17.60,0.00,43.88,3
39.072,7.586,15.00,17.60,0.00,43.94,3
39.091,7.605,15.00,17.60,0.00,43.99,3
39.110,7.624,15.00,17.55,0.00,43.76,3
39.150,7.664,15.00,17.60,0.00,44.09,3
39.169,7.683,15.00,17.48,0.00,43.54,3
39.189,7.703,15.00,17.48,0.00,43.59,3
39.228,7.742,15.00,17.48,0.00,43.64,3
39.248,7.762,15.00,17.55,0.00,44.02,3
39.267,7.781,15.00,17.55,0.00,44.07,3
39.287,7.801,15.00,17.48,0.00,43.79,3
39.326,7.840,15.00,17.48,0.00,43.84,3
39.346,7.860,15.00,17.42,0.00,43.55,3
39.365,7.879,15.00,17.42,0.00,43.60,3
39.385,7.899,15.00,17.55,0.00,44.31,3
39.406,7.919,15.00,17.42,0.00,43.70,3
39.444,7.958,15.00,17.48,0.00,44.08,3
39.463,7.977,15.00,17.42,0.00,43.80,3
39.484,7.998,15.00,17.48,0.00,44.18,3
39.523,8.036,15.00,17.42,0.00,43.90,3
39.542,8.056,15.00,17.29,0.00,43.34,3
39.561,8.075,15.00,17.29,0.00,43.38,3
39.602,8.115,15.00,17.48,0.00,44.37,3
39.620,8.134,15.00,17.29,0.00,43.48,3
39.660,8.174,15.00,17.29,0.00,43.52,3
39.679,8.193,15.00,17.29,0.00,43.57,3
39.700,8.214,15.00,17.29,0.00,43.62,3
39.718,8.232,15.00,17.36,0.00,43.99,3
39.758,8.272,15.00,17.29,0.00,43.71,3
39.777,8.291,15.00,17.36,0.00,44.09,3
39.797,8.311,15.00,17.17,0.00,43.19,3
39.837,8.351,15.00,17.11,0.00,42.90,3
39.856,8.370,15.00,17.24,0.00,43.61,3
39.875,8.389,15.00,17.29,0.00,43.93,3
39.915,8.429,15.00,17.36,0.00,44.31,3
39.935,8.449,15.00,17.24,0.00,43.75,3
39.973,8.487,15.00,17.11,0.00,43.13,3
39.993,8.507,15.00,17.11,0.00,43.17,3
40.014,8.528,15.00,17.05,0.00,42.94,3
40.033,8.546,15.00,17.11,0.00,43.25,3
40.052,8.566,15.00,16.86,0.00,42.07,3
40.092,8.605,15.00,17.05,0.00,43.06,3
40.111,8.625,15.00,17.24,0.00,44.04,3
40.130,8.644,15.00,17.17,0.00,43.75,3
40.170,8.683,15.00,17.05,0.00,43.18,3
40.189,8.703,15.00,16.99,0.00,42.89,3
40.209,8.723,15.00,16.86,0.00,42.32,3
40.248,8.762,15.00,16.86,0.00,42.36,3
40.268,8.782,15.00,16.99,0.00,43.01,3
40.288,8.801,15.00,16.99,0.00,43.05,3
40.307,8.821,15.00,16.86,0.00,42.47,3
40.346,8.860,15.00,16.92,0.00,42.79,3
40.366,8.880,15.00,16.80,0.00,42.22,3
40.385,8.899,15.00,16.74,0.00,41.97,3
40.406,8.919,15.00,16.74,0.00,42.01,3
40.444,8.958,15.00,16.86,0.00,42.66,3
40.464,8.978,15.00,16.80,0.00,42.36,3
40.484,8.998,15.00,16.67,0.00,41.78,3
40.503,9.017,15.00,16.55,0.00,41.20,3
40.543,9.056,15.00,16.61,0.00,41.51,3
40.562,9.076,15.00,16.61,0.00,41.54,3
40.582,9.095,15.00,16.55,0.00,41.30,3
40.620,9.134,15.00,16.42,0.00,40.66,3
40.640,9.154,15.00,16.42,0.00,40.69,3
40.660,9.174,15.00,16.36,0.00,40.43,3
40.679,9.193,15.00,16.36,0.00,40.46,3
40.718,9.232,15.00,16.24,0.00,39.87,3
40.739,9.253,15.00,16.30,0.00,40.18,3
40.758,9.272,15.00,16.30,0.00,40.20,3
40.798,9.312,15.00,16.30,0.00,40.23,3
40.817,9.331,15.00,16.05,0.00,39.02,3
40.856,9.370,15.00,16.05,0.00,39.04,3
40.875,9.389,15.00,16.17,0.00,39.68,3
40.895,9.409,15.00,16.11,0.00,39.37,3
40.915,9.429,15.00,16.11,0.00,39.39,3
40.954,9.468,15.00,16.05,0.00,39.13,3
40.973,9.487,15.00,15.79,0.00,37.86,3
40.993,9.507,15.00,15.86,0.00,38.22,3
41.013,9.527,15.00,15.92,0.00,38.51,3
41.052,9.566,15.00,15.86,0.00,38.25,3
41.072,9.586,15.00,15.86,0.00,38.27,3
41.091,9.605,15.00,15.86,0.00,38.29,3
41.111,9.625,15.00,15.86,0.00,38.30,3
41.150,9.664,15.00,15.86,0.00,38.32,3
41.170,9.684,15.00,15.79,0.00,38.00,3
41.189,9.703,15.00,15.79,0.00,38.02,3
41.210,9.724,15.00,15.86,0.00,38.37,3
41.248,9.762,15.00,15.79,0.00,38.05,3
41.268,9.782,15.00,15.67,0.00,37.44,3
41.287,9.801,15.00,15.60,0.00,37.12,3
41.307,9.821,15.00,15.67,0.00,37.47,3
41.346,9.860,15.00,15.67,0.00,37.48,3
41.366,9.880,15.00,15.67,0.00,37.50,3
41.385,9.899,15.00,15.55,0.00,36.89,3
41.405,9.919,15.00,15.55,0.00,36.90,3
41.425,9.939,15.00,15.55,0.00,36.91,3
41.464,9.978,15.00,15.41,0.00,0.00,3
41.483,9.997,15.00,15.55,0.00,2.74,3
41.504,10.017,15.00,15.67,0.00,3.37,3
55.783,0.028,15.00,15.48,0.00,0.00,4
55.803,0.048,15.00,15.41,0.00,0.00,4
55.823,0.068,15.00,15.41,0.00,0.00,4
55.842,0.087,15.00,15.36,0.00,0.00,4
55.881,0.126,15.00,15.41,0.00,0.00,4
55.902,0.146,15.00,15.41,0.00,0.00,4
55.921,0.166,15.00,15.36,0.00,0.00,4
55.940,0.185,15.00,15.48,0.00,0.00,4
55.979,0.224,15.00,15.23,0.00,0.00,4
55.999,0.244,15.00,15.29,0.00,0.00,4
56.020,0.264,15.00,15.10,0.00,0.00,4
56.039,0.283,15.00,15.16,0.00,0.00,4
56.077,0.322,15.00,15.16,0.00,0.00,4
56.097,0.342,15.00,15.16,0.00,0.00,4
56.117,0.362,15.00,15.23,0.00,0.00,4
56.136,0.381,15.00,8.35,9.79,0.00,4
56.156,0.401,15.00,8.35,10.32,0.00,4
56.195,0.440,15.00,8.35,10.86,0.00,4
56.215,0.460,15.00,8.35,11.39,0.00,4
56.234,0.479,15.00,8.27,12.03,0.00,4
56.254,0.499,15.00,8.27,12.56,0.00,4
56.294,0.538,15.00,8.27,13.10,0.00,4
56.313,0.558,15.00,8.27,13.64,0.00,4
56.332,0.577,15.00,8.27,14.18,0.00,4
56.371,0.616,15.00,8.21,14.80,0.00,4
56.392,0.636,15.00,8.27,15.26,0.00,4
56.411,0.656,15.00,8.27,15.79,0.00,4
56.430,0.675,15.00,8.27,16.33,0.00,4
56.470,0.715,15.00,8.27,16.87,0.00,4
56.489,0.734,15.00,8.27,17.41,0.00,4
56.510,0.754,15.00,8.21,18.03,0.00,4
56.548,0.793,15.00,8.07,18.79,0.00,4
56.567,0.812,15.00,8.07,19.34,0.00,4
56.587,0.832,15.00,8.21,19.68,0.00,4
56.607,0.852,15.00,8.27,20.14,0.00,4
56.646,0.891,15.00,8.14,20.87,0.00,4
56.665,0.910,15.00,8.07,21.53,0.00,4
56.685,0.930,15.00,8.07,22.08,0.00,4
56.705,0.950,15.00,8.14,22.53,0.00,4
56.744,0.989,15.00,8.07,23.18,0.00,4
56.763,1.008,15.00,8.07,23.74,0.00,4
56.783,1.028,15.00,8.07,24.29,0.00,4
56.803,1.048,15.00,8.14,24.74,0.00,4
56.842,1.087,15.00,8.14,25.29,0.00,4
56.861,1.106,15.00,8.07,25.94,0.00,4
56.881,1.126,15.00,8.01,26.58,0.00,4
56.902,1.146,15.00,8.07,27.05,0.00,4
56.940,1.185,15.00,8.07,27.61,0.00,4
56.959,1.204,15.00,8.01,28.25,0.00,4
56.979,1.224,15.00,7.94,28.92,0.00,4
56.999,1.244,15.00,7.94,29.48,0.00,4
57.038,1.283,15.00,7.94,30.04,0.00,4
57.057,1.302,15.00,7.94,30.61,0.00,4
57.077,1.322,15.00,7.94,31.17,0.00,4
57.097,1.342,15.00,7.88,31.83,0.00,4
57.136,1.381,15.00,7.88,32.40,0.00,4
57.156,1.401,15.00,7.94,32.88,0.00,4
57.175,1.420,15.00,7.94,33.44,0.00,4
57.195,1.440,15.00,7.88,34.10,0.00,4
57.234,1.479,15.00,8.01,34.47,0.00,4
57.254,1.499,15.00,8.01,35.03,0.00,4
57.273,1.518,15.00,7.94,35.69,0.00,4
57.293,1.538,15.00,7.94,36.26,0.00,4
57.332,1.577,15.00,7.94,36.82,0.00,4
57.352,1.597,15.00,8.01,37.28,0.00,4
57.371,1.616,15.00,8.07,37.75,0.00,4
57.410,1.655,15.00,8.07,38.31,0.00,4
57.430,1.675,15.00,8.07,38.86,0.00,4
57.450,1.695,15.00,8.07,39.41,0.00,4
57.469,1.714,15.00,8.07,39.97,0.00,4
57.508,1.753,15.00,8.07,40.52,0.00,4
57.528,1.773,15.00,8.07,41.08,0.00,4
57.548,1.793,15.00,8.21,41.42,0.00,4
57.567,1.812,15.00,8.14,42.07,0.00,4
57.587,1.832,15.00,8.14,42.61,0.00,4
57.626,1.871,15.00,8.14,43.16,0.00,4
57.646,1.891,15.00,8.21,43.60,0.00,4
57.665,1.910,15.00,8.21,44.15,0.00,4
57.685,1.930,15.00,8.27,44.60,0.00,4
57.724,1.969,15.00,8.27,45.14,0.00,4
57.744,1.989,15.00,8.35,45.57,0.00,4
57.763,2.008,15.00,8.42,45.99,0.00,4
57.783,2.028,15.00,8.42,46.52,0.00,4
57.822,2.067,15.00,8.42,47.05,0.00,4
57.842,2.087,15.00,8.55,47.38,0.00,4
57.861,2.106,15.00,8.48,48.00,0.00,4
57.900,2.145,15.00,8.48,48.52,0.00,4
57.920,2.165,15.00,8.68,48.74,0.00,4
57.940,2.185,15.00,8.68,49.25,0.00,4
57.959,2.204,15.00,8.75,49.65,0.00,4
57.979,2.224,15.00,8.75,50.15,0.00,4
58.018,2.263,15.00,8.81,50.56,0.00,4
58.038,2.283,15.00,8.89,50.95,0.00,4
58.057,2.302,15.00,8.89,51.43,0.00,4
58.077,2.322,15.00,8.96,51.82,0.00,4
58.116,2.361,15.00,9.02,52.21,0.00,4
58.136,2.381,15.00,9.09,52.58,0.00,4
58.155,2.400,15.00,9.09,53.06,0.00,4
58.175,2.420,15.00,9.09,53.53,0.00,4
58.195,2.440,15.00,9.15,53.91,0.00,4
58.234,2.479,15.00,9.22,54.28,0.00,4
58.253,2.498,15.00,9.29,54.63,0.00,4
58.273,2.518,15.00,9.35,55.00,0.00,4
58.293,2.538,15.00,9.42,55.35,0.00,4
58.332,2.577,15.00,9.49,55.69,0.00,4
58.351,2.596,15.00,9.55,56.04,0.00,4
58.371,2.616,15.00,9.55,56.48,0.00,4
58.391,2.636,15.00,9.69,56.72,0.00,4
58.430,2.675,15.00,9.69,57.14,0.00,4
58.449,2.694,15.00,9.89,57.27,0.00,4
58.469,2.714,15.00,9.89,57.68,0.00,4
58.489,2.734,15.00,9.96,57.98,0.00,4
58.528,2.773,15.00,10.03,58.28,0.00,4
58.548,2.792,15.00,10.09,58.59,0.00,4
58.567,2.812,15.00,10.16,58.88,0.00,4
58.588,2.832,15.00,10.22,59.18,0.00,4
58.627,2.872,15.00,10.36,59.35,0.00,4
58.645,2.890,15.00,10.49,59.53,0.00,4
58.666,2.911,15.00,10.49,59.89,0.00,4
58.704,2.949,15.00,10.49,60.25,0.00,4
58.724,2.969,15.00,10.42,60.72,0.00,4
58.743,2.988,15.00,10.69,60.69,0.00,4
58.763,3.008,15.00,10.62,61.13,0.00,4
58.803,3.047,15.00,10.69,61.38,0.00,4
58.823,3.067,15.00,10.89,61.43,0.00,4
58.841,3.086,15.00,10.82,61.86,0.00,4
58.861,3.106,15.00,10.89,62.09,0.00,4
58.900,3.145,15.00,11.02,62.23,0.00,4
58.920,3.165,15.00,11.15,62.36,0.00,4
58.939,3.184,15.00,11.09,62.75,0.00,4
58.959,3.204,15.00,11.15,62.98,0.00,4
58.979,3.224,15.00,11.22,63.18,0.00,4
59.018,3.263,15.00,11.22,63.49,0.00,4
59.038,3.283,15.00,11.22,63.79,0.00,4
59.057,3.302,15.00,11.28,64.00,0.00,4
59.077,3.322,15.00,11.28,64.30,0.00,4
59.096,3.341,15.00,11.28,64.60,0.00,4
59.136,3.381,15.00,11.42,64.69,0.00,4
59.155,3.400,15.00,11.48,64.89,0.00,4
59.175,3.420,15.00,11.55,65.07,0.00,4
59.194,3.439,15.00,11.62,65.24,0.00,4
59.235,3.479,15.00,11.68,65.43,0.00,4
59.253,3.498,15.00,11.68,65.69,0.00,4
59.273,3.518,15.00,11.75,65.86,0.00,4
59.312,3.557,15.00,11.75,66.12,0.00,4
59.332,3.577,15.00,11.80,66.29,0.00,4
59.351,3.596,15.00,11.80,66.55,0.00,4
59.371,3.616,15.00,11.75,66.89,0.00,4
59.410,3.655,15.00,11.75,67.15,0.00,4
59.430,3.675,15.00,11.75,67.41,0.00,4
59.449,3.694,15.00,11.80,67.58,0.00,4
59.469,3.714,15.00,11.87,67.73,0.00,4
59.508,3.753,15.00,11.94,67.88,0.00,4
59.528,3.773,15.00,11.94,68.12,0.00,4
59.547,3.792,15.00,12.14,68.08,0.00,4
59.567,3.812,15.00,12.14,68.31,0.00,4
59.586,3.831,15.00,12.14,68.54,0.00,4
59.626,3.871,15.00,12.20,68.68,0.00,4
59.645,3.890,15.00,12.20,68.90,0.00,4
59.665,3.910,15.00,12.14,69.21,0.00,4
59.704,3.949,15.00,12.20,69.35,0.00,4
59.724,3.969,15.00,12.20,69.58,0.00,4
59.743,3.988,15.00,12.27,69.70,0.00,4
59.763,4.008,15.00,12.33,69.83,0.00,4
59.802,4.047,15.00,12.27,70.13,0.00,4
59.822,4.067,15.00,12.33,70.26,0.00,4
59.841,4.086,15.00,12.27,70.56,0.00,4
59.861,4.106,15.00,12.40,70.59,0.00,4
59.900,4.145,15.00,12.47,70.70,0.00,4
59.920,4.165,15.00,12.40,71.00,0.00,4
59.939,4.184,15.00,12.47,71.11,0.00,4
59.959,4.204,15.00,12.47,71.31,0.00,4
59.998,4.243,15.00,12.52,71.43,0.00,4
60.018,4.263,15.00,12.47,71.71,0.00,4
60.037,4.282,15.00,12.47,71.92,0.00,4
60.057,4.302,15.00,12.59,71.93,0.00,4
60.096,4.341,15.00,12.59,72.12,0.00,4
60.116,4.361,15.00,12.66,72.21,0.00,4
60.135,4.380,15.00,12.66,72.40,0.00,4
60.155,4.400,15.00,12.66,72.59,0.00,4
60.175,4.420,15.00,12.59,72.88,0.00,4
60.214,4.459,15.00,12.59,73.07,0.00,4
60.233,4.478,15.00,12.66,73.16,0.00,4
60.253,4.498,15.00,12.59,73.45,0.00,4
60.273,4.518,15.00,12.79,73.35,0.00,4
60.312,4.557,15.00,12.59,73.82,0.00,4
60.331,4.576,15.00,12.66,73.91,0.00,4
60.351,4.596,15.00,12.79,73.91,0.00,4
60.371,4.616,15.00,12.79,74.08,0.00,4
60.410,4.655,15.00,12.79,74.26,0.00,4
60.429,4.674,15.00,12.66,74.62,0.00,4
60.449,4.694,15.00,12.85,74.54,0.00,4
60.469,4.714,15.00,12.79,74.80,0.00,4
60.508,4.753,15.00,12.72,75.07,0.00,4
60.527,4.772,15.00,12.79,75.15,0.00,4
60.547,4.792,15.00,12.72,75.43,0.00,4
60.567,4.812,15.00,12.79,75.51,0.00,4
60.606,4.851,15.00,12.72,75.79,0.00,4
60.625,4.870,15.00,12.72,75.97,0.00,4
60.645,4.890,15.00,12.79,76.05,0.00,4
60.684,4.929,15.00,12.79,76.23,0.00,4
60.704,4.949,15.00,12.79,76.41,0.00,4
60.724,4.969,15.00,12.79,76.58,0.00,4
60.743,4.988,15.00,12.79,76.76,0.00,4
60.782,5.027,15.00,12.79,76.94,0.00,4
60.802,5.047,15.00,12.79,77.11,0.00,4
60.822,5.067,15.00,12.85,77.21,0.00,4
60.841,5.086,15.00,12.79,77.46,0.00,4
60.861,5.106,15.00,12.79,77.64,0.00,4
60.900,5.145,15.00,12.85,77.73,0.00,4
60.920,5.165,15.00,12.92,77.80,0.00,4
60.939,5.184,15.00,12.92,77.97,0.00,4
60.959,5.204,15.00,12.92,78.13,0.00,4
60.998,5.243,15.00,12.99,78.20,0.00,4
61.018,5.263,15.00,12.92,78.46,0.00,4
61.037,5.282,15.00,13.04,78.44,0.00,4
61.057,5.302,15.00,12.99,78.68,0.00,4
61.096,5.341,15.00,12.99,78.84,0.00,4
61.116,5.361,15.00,12.99,79.01,0.00,4
61.135,5.380,15.00,12.99,79.17,0.00,4
61.155,5.400,15.00,12.99,79.33,0.00,4
61.175,5.420,15.00,12.99,79.49,0.00,4
61.214,5.459,15.00,13.18,79.36,0.00,4
61.233,5.478,15.00,13.11,79.61,0.00,4
61.253,5.498,15.00,13.11,79.76,0.00,4
61.273,5.518,15.00,13.18,79.81,0.00,4
61.312,5.557,15.00,13.18,79.95,0.00,4
61.332,5.577,15.00,13.18,80.10,0.00,4
61.351,5.596,15.00,13.11,80.35,0.00,4
61.390,5.635,15.00,13.11,80.50,0.00,4
61.410,5.655,15.00,13.18,80.55,0.00,4
61.429,5.674,15.00,13.18,80.69,0.00,4
61.449,5.694,15.00,13.18,80.84,0.00,4
61.469,5.714,15.00,13.24,80.90,0.00,4
61.508,5.753,15.00,13.24,81.04,0.00,4
61.528,5.773,15.00,13.37,80.99,0.00,4
61.547,5.792,15.00,13.24,81.31,0.00,4
61.567,5.812,15.00,13.31,81.35,0.00,4
61.607,5.851,15.00,13.31,81.48,0.00,4
61.626,5.871,15.00,13.24,81.72,0.00,4
61.645,5.890,15.00,13.31,81.76,0.00,4
61.684,5.929,15.00,13.37,81.81,0.00,4
61.704,5.949,15.00,13.31,82.03,0.00,4
61.724,5.969,15.00,13.37,82.08,0.00,4
61.743,5.988,15.00,13.24,82.39,0.00,4
61.763,6.008,15.00,13.43,82.25,0.00,4
61.802,6.047,15.00,13.56,82.19,0.00,4
61.822,6.067,15.00,13.37,82.59,0.00,4
61.841,6.086,15.00,13.50,82.52,0.00,4
61.880,6.125,15.00,13.43,82.74,0.00,4
61.901,6.145,15.00,13.50,82.76,0.00,4
61.920,6.165,15.00,13.50,82.88,0.00,4
61.939,6.184,15.00,13.56,82.92,0.00,4
61.978,6.223,15.00,13.50,83.12,0.00,4
61.998,6.243,15.00,13.70,82.95,0.00,4
62.018,6.263,15.00,13.70,83.05,0.00,4
62.037,6.282,15.00,13.76,83.07,0.00,4
62.057,6.302,15.00,13.76,83.17,0.00,4
62.096,6.341,15.00,13.76,83.27,0.00,4
62.117,6.361,15.00,13.76,83.37,0.00,4
62.135,6.380,15.00,13.70,83.55,0.00,4
62.175,6.420,15.00,13.76,83.57,0.00,4
62.194,6.439,15.00,13.82,83.57,0.00,4
62.214,6.459,15.00,13.82,83.67,0.00,4
62.253,6.498,15.00,13.82,83.76,0.00,4
62.273,6.518,15.00,13.88,83.77,0.00,4
62.292,6.537,15.00,13.88,83.86,0.00,4
62.313,6.557,15.00,13.95,83.85,0.00,4
62.352,6.596,15.00,14.02,83.83,0.00,4
62.371,6.616,15.00,13.95,84.01,0.00,4
62.390,6.635,15.00,14.02,83.99,0.00,4
62.429,6.674,15.00,14.02,84.07,0.00,4
62.449,6.694,15.00,14.08,84.07,0.00,4
62.469,6.714,15.00,14.14,84.04,0.00,4
62.488,6.733,15.00,14.14,84.11,0.00,4
62.527,6.772,15.00,14.21,84.08,0.00,4
62.547,6.792,15.00,14.27,84.06,0.00,4
62.566,6.811,15.00,14.21,84.20,0.00,4
62.586,6.831,15.00,14.27,84.18,0.00,4
62.606,6.851,15.00,14.39,84.05,0.00,4
62.645,6.890,15.00,14.34,84.18,0.00,4
62.665,6.909,15.00,14.21,84.42,0.00,4
62.684,6.929,15.00,14.34,84.30,0.00,4
62.704,6.949,15.00,14.39,84.27,0.00,4
62.743,6.988,15.00,14.46,84.22,0.00,4
62.762,7.007,15.00,14.46,84.26,0.00,4
62.782,7.027,15.00,14.39,84.40,0.00,4
62.802,7.047,15.00,14.53,0.00,0.00,4
62.841,7.086,15.00,14.46,0.79,0.00,4
62.860,7.105,15.00,14.46,0.83,0.00,4
62.880,7.125,15.00,14.59,0.00,0.00,4
62.919,7.164,15.00,14.59,0.00,0.00,4
62.939,7.184,15.00,14.53,0.00,0.00,4
62.958,7.203,15.00,14.46,0.79,0.00,4
62.978,7.223,15.00,14.65,0.00,0.00,4
63.017,7.262,15.00,14.53,0.00,0.00,4
63.037,7.282,15.00,14.53,0.00,0.00,4
63.057,7.302,15.00,14.59,0.00,0.00,4
63.076,7.321,15.00,14.65,0.00,0.00,4
63.115,7.360,15.00,14.59,0.00,0.00,4
63.135,7.380,15.00,14.72,0.00,0.00,4
63.154,7.399,15.00,14.72,0.00,0.00,4
63.174,7.419,15.00,14.65,0.00,0.00,4
63.194,7.439,15.00,14.65,0.00,0.00,4
63.233,7.478,15.00,14.72,0.00,0.00,4
63.253,7.497,15.00,14.72,0.00,0.00,4
63.273,7.517,15.00,14.78,0.00,0.00,4
63.292,7.537,15.00,14.85,0.00,0.00,4
63.331,7.576,15.00,14.85,0.00,0.00,4
63.350,7.595,15.00,14.90,0.00,0.00,4
63.370,7.615,15.00,14.85,0.00,0.00,4
63.390,7.635,15.00,14.90,0.00,0.00,4
63.429,7.674,15.00,14.97,0.00,0.00,4
63.448,7.693,15.00,14.85,0.00,0.00,4
63.468,7.713,15.00,14.97,0.00,0.00,4
63.488,7.733,15.00,15.04,0.00,0.00,4
63.508,7.752,15.00,14.90,0.00,0.00,4
63.546,7.791,15.00,14.97,0.00,0.00,4
63.566,7.811,15.00,14.97,0.00,0.00,4
63.586,7.831,15.00,15.10,0.00,0.00,4
63.605,7.850,15.00,15.04,0.00,0.00,4
63.625,7.870,15.00,15.04,0.00,0.00,4
63.664,7.909,15.00,15.10,0.00,0.00,4
63.684,7.929,15.00,15.10,0.00,0.00,4
63.703,7.948,15.00,15.10,0.00,0.00,4
63.723,7.968,15.00,15.10,0.00,0.00,4
63.742,7.987,15.00,15.04,0.00,0.00,4
63.783,8.027,15.00,15.10,0.00,0.00,4
63.802,8.046,15.00,15.10,0.00,0.00,4
63.840,8.085,15.00,15.16,0.00,0.00,4
63.861,8.105,15.00,15.23,0.00,0.00,4
63.881,8.125,15.00,15.10,0.00,0.00,4
63.899,8.144,15.00,15.10,0.00,0.00,4
63.938,8.183,15.00,15.16,0.00,0.00,4
63.958,8.203,15.00,15.16,0.00,0.00,4
63.978,8.223,15.00,15.16,0.00,0.00,4
64.017,8.262,15.00,15.23,0.00,0.00,4
64.036,8.281,15.00,15.10,0.00,0.00,4
64.056,8.301,15.00,15.10,0.00,0.00,4
64.076,8.321,15.00,15.16,0.00,0.00,4
64.116,8.360,15.00,15.04,0.00,0.00,4
64.134,8.379,15.00,15.10,0.00,0.00,4
64.154,8.399,15.00,15.16,0.00,0.00,4
64.193,8.438,15.00,15.16,0.00,0.00,4
64.213,8.458,15.00,15.04,0.00,0.00,4
64.232,8.477,15.00,15.04,0.00,0.00,4
64.253,8.497,15.00,15.16,0.00,0.00,4
64.272,8.517,15.00,15.10,0.00,0.00,4
64.311,8.556,15.00,14.97,0.00,0.00,4
64.330,8.575,15.00,15.04,0.00,0.00,4
64.350,8.595,15.00,15.10,0.00,0.00,4
64.370,8.615,15.00,15.16,0.00,0.00,4
64.409,8.654,15.00,15.10,0.00,0.00,4
64.428,8.673,15.00,15.04,0.00,0.00,4
64.448,8.693,15.00,15.10,0.00,0.00,4
64.468,8.713,15.00,15.10,0.00,0.00,4
64.507,8.752,15.00,15.04,0.00,0.00,4
64.526,8.771,15.00,15.04,0.00,0.00,4
64.546,8.791,15.00,15.10,0.00,0.00,4
64.585,8.830,15.00,15.04,0.00,0.00,4
64.605,8.850,15.00,15.04,0.00,0.00,4
64.624,8.869,15.00,15.04,0.00,0.00,4
64.644,8.889,15.00,14.97,0.00,0.00,4
64.683,8.928,15.00,14.97,0.00,0.00,4
64.703,8.948,15.00,14.97,0.00,0.00,4
64.722,8.967,15.00,15.04,0.00,0.00,4
64.742,8.987,15.00,14.97,0.00,0.00,4
64.782,9.026,15.00,14.97,0.00,0.00,4
64.801,9.046,15.00,15.04,0.00,0.00,4
64.820,9.065,15.00,14.97,0.00,0.00,4
64.860,9.105,15.00,14.90,0.00,0.00,4
64.879,9.124,15.00,14.97,0.00,0.00,4
64.899,9.144,15.00,14.97,0.00,0.00,4
64.938,9.183,15.00,14.97,0.00,0.00,4
64.957,9.202,15.00,14.90,0.00,0.00,4
64.977,9.222,15.00,14.97,0.00,0.00,4
64.997,9.242,15.00,14.97,0.00,0.00,4
65.036,9.281,15.00,14.90,0.00,0.00,4
65.055,9.300,15.00,14.85,0.00,0.00,4
65.075,9.320,15.00,14.85,0.00,0.00,4
65.095,9.340,15.00,14.85,0.00,0.00,4
65.134,9.379,15.00,14.90,0.00,0.00,4
65.153,9.398,15.00,14.90,0.00,0.00,4
65.173,9.418,15.00,14.90,0.00,0.00,4
65.193,9.438,15.00,14.90,0.00,0.00,4
65.212,9.457,15.00,14.85,0.00,0.00,4
65.251,9.496,15.00,14.85,0.00,0.00,4
65.272,9.516,15.00,14.90,0.00,0.00,4
65.291,9.536,15.00,14.85,0.00,0.00,4
65.310,9.555,15.00,14.85,0.00,0.00,4
65.349,9.594,15.00,14.85,0.00,0.00,4
65.369,9.614,15.00,14.90,0.00,0.00,4
65.389,9.634,15.00,14.85,0.00,0.00,4
65.408,9.653,15.00,14.85,0.00,0.00,4
65.447,9.692,15.00,14.85,0.00,0.00,4
65.467,9.712,15.00,14.85,0.00,0.00,4
65.487,9.732,15.00,14.85,0.00,0.00,4
65.506,9.751,15.00,14.85,0.00,0.00,4
65.545,9.790,15.00,14.85,0.00,0.00,4
65.565,9.810,15.00,14.85,0.00,0.00,4
65.585,9.829,15.00,14.78,0.00,0.00,4
65.604,9.849,15.00,14.85,0.00,0.00,4
65.624,9.869,15.00,14.85,0.00,0.00,4
65.663,9.908,15.00,14.78,0.00,0.00,4
65.682,9.927,15.00,14.85,0.00,0.00,4
65.702,9.947,15.00,14.78,0.00,0.00,4
65.722,9.967,15.00,14.85,0.00,0.00,4
65.761,10.006,15.00,14.78,0.00,0.00,4
89.691,0.019,30.00,14.78,22.40,0.00,5
89.711,0.039,30.00,14.72,23.70,0.00,5
89.731,0.059,30.00,14.78,24.84,0.00,5
89.770,0.098,30.00,14.78,26.05,0.00,5
89.790,0.118,30.00,14.72,27.35,0.00,5
89.809,0.137,30.00,14.78,28.49,0.00,5
89.829,0.157,30.00,14.78,29.71,0.00,5
89.868,0.196,30.00,14.72,31.01,0.00,5
89.888,0.216,30.00,14.72,32.23,0.00,5
89.907,0.235,30.00,14.78,33.37,0.00,5
89.927,0.255,30.00,14.78,34.58,0.00,5
89.966,0.294,30.00,14.72,35.88,0.00,5
89.986,0.314,30.00,14.72,37.11,0.00,5
90.005,0.333,30.00,14.78,38.24,0.00,5
90.025,0.353,30.00,14.78,39.46,0.00,5
90.045,0.373,30.00,13.95,41.90,0.00,5
90.085,0.413,30.00,14.02,43.08,0.00,5
90.103,0.431,30.00,13.95,44.46,0.00,5
90.123,0.451,30.00,14.08,45.56,0.00,5
90.163,0.491,30.00,14.08,46.83,0.00,5
90.182,0.510,30.00,14.08,48.10,0.00,5
90.202,0.530,30.00,14.14,49.28,0.00,5
90.222,0.550,30.00,14.14,50.54,0.00,5
90.261,0.589,30.00,14.21,51.71,0.00,5
90.280,0.608,30.00,14.34,52.79,0.00,5
90.301,0.629,30.00,14.27,54.14,0.00,5
90.339,0.667,30.00,14.34,55.30,0.00,5
90.358,0.686,30.00,14.39,56.47,0.00,5
90.378,0.706,30.00,14.39,57.71,0.00,5
90.398,0.726,30.00,14.34,59.04,0.00,5
90.417,0.745,30.00,14.53,60.01,0.00,5
90.457,0.785,30.00,14.53,61.25,0.00,5
90.477,0.805,30.00,14.53,62.48,0.00,5
90.497,0.825,30.00,14.65,63.54,0.00,5
90.535,0.863,30.00,14.85,64.48,0.00,5
90.555,0.884,30.00,14.90,65.61,0.00,5
90.574,0.902,30.00,14.90,66.82,0.00,5
90.594,0.922,30.00,14.90,68.02,0.00,5
90.633,0.961,30.00,15.04,69.03,0.00,5
90.653,0.981,30.00,15.16,70.04,0.00,5
90.673,1.001,30.00,15.16,71.23,0.00,5
90.692,1.020,30.00,15.16,72.41,0.00,5
90.731,1.059,30.00,15.41,73.24,0.00,5
90.751,1.079,30.00,15.48,74.30,0.00,5
90.771,1.100,30.00,15.48,75.46,0.00,5
90.790,1.118,30.00,15.60,76.44,0.00,5
90.830,1.159,30.00,15.60,77.59,0.00,5
90.849,1.177,30.00,15.74,78.55,0.00,5
90.888,1.216,30.00,15.67,79.78,0.00,5
90.908,1.236,30.00,15.79,80.75,0.00,5
90.928,1.256,30.00,15.98,81.60,0.00,5
90.947,1.275,30.00,16.05,82.63,0.00,5
90.967,1.295,30.00,16.05,83.74,0.00,5
91.006,1.334,30.00,16.11,84.77,0.00,5
91.026,1.354,30.00,16.24,85.69,0.00,5
91.045,1.373,30.00,16.30,86.70,0.00,5
91.065,1.393,30.00,16.42,87.62,0.00,5
91.104,1.433,30.00,16.49,88.61,0.00,5
91.125,1.453,30.00,16.55,89.59,0.00,5
91.143,1.471,30.00,16.67,90.48,0.00,5
91.184,1.512,30.00,16.74,91.45,0.00,5
91.203,1.531,30.00,16.86,92.33,0.00,5
91.242,1.570,30.00,16.80,93.48,0.00,5
91.262,1.590,30.00,16.99,94.26,0.00,5
91.281,1.609,30.00,17.05,95.20,0.00,5
91.320,1.648,30.00,17.11,96.15,0.00,5
91.340,1.668,30.00,17.17,97.09,0.00,5
91.359,1.687,30.00,17.29,97.93,0.00,5
91.379,1.707,30.00,17.42,98.77,0.00,5
91.419,1.747,30.00,17.42,99.78,0.00,5
91.438,1.766,30.00,17.48,100.00,0.00,5
91.458,1.786,30.00,17.55,100.00,0.00,5
91.496,1.824,30.00,17.60,100.00,0.00,5
91.516,1.844,30.00,17.67,100.00,0.00,5
91.536,1.864,30.00,17.74,100.00,0.00,5
91.555,1.883,30.00,17.91,100.00,0.00,5
91.575,1.904,30.00,17.86,100.00,0.00,5
91.614,1.942,30.00,17.86,100.00,0.00,5
91.634,1.962,30.00,18.04,100.00,0.00,5
91.653,1.981,30.00,18.04,100.00,0.00,5
91.674,2.002,30.00,18.04,100.00,0.00,5
91.693,2.021,30.00,18.16,100.00,0.00,5
91.732,2.060,30.00,18.10,100.00,0.00,5
91.751,2.079,30.00,18.16,100.00,0.00,5
91.771,2.099,30.00,18.35,100.00,0.00,5
91.811,2.139,30.00,18.35,100.00,0.00,5
91.830,2.158,30.00,18.35,100.00,0.00,5
91.850,2.178,30.00,18.47,100.00,0.00,5
91.889,2.217,30.00,18.53,100.00,0.00,5
91.908,2.236,30.00,18.59,100.00,0.00,5
91.928,2.256,30.00,18.53,100.00,0.00,5
91.948,2.276,30.00,18.77,100.00,0.00,5
91.988,2.316,30.00,18.72,100.00,0.00,5
92.006,2.334,30.00,18.72,100.00,0.00,5
92.026,2.354,30.00,18.89,100.00,0.00,5
92.065,2.393,30.00,19.02,100.00,0.00,5
92.085,2.413,30.00,18.89,100.00,0.00,5
92.105,2.433,30.00,19.02,100.00,0.00,5
92.124,2.452,30.00,18.84,100.00,0.00,5
92.144,2.472,30.00,19.21,100.00,0.00,5
92.183,2.511,30.00,19.21,100.00,0.00,5
92.202,2.530,30.00,19.08,100.00,0.00,5
92.222,2.551,30.00,19.14,100.00,0.00,5
92.242,2.570,30.00,19.21,100.00,0.00,5
92.282,2.610,30.00,19.26,100.00,0.00,5
92.302,2.630,30.00,19.38,100.00,0.00,5
92.340,2.668,30.00,19.51,100.00,0.00,5
92.359,2.687,30.00,19.38,100.00,0.00,5
92.380,2.708,30.00,19.38,100.00,0.00,5
92.418,2.746,30.00,19.44,100.00,0.00,5
92.438,2.766,30.00,19.56,100.00,0.00,5
92.457,2.785,30.00,19.51,100.00,0.00,5
92.477,2.805,30.00,19.69,100.00,0.00,5
92.497,2.825,30.00,19.63,100.00,0.00,5
92.536,2.864,30.00,19.81,100.00,0.00,5
92.555,2.883,30.00,19.69,100.00,0.00,5
92.575,2.903,30.00,19.69,100.00,0.00,5
92.595,2.923,30.00,19.69,100.00,0.00,5
92.634,2.962,30.00,19.75,100.00,0.00,5
92.654,2.982,30.00,19.75,100.00,0.00,5
92.673,3.001,30.00,19.69,100.00,0.00,5
92.713,3.041,30.00,19.75,100.00,0.00,5
92.732,3.060,30.00,19.93,100.00,0.00,5
92.752,3.080,30.00,19.86,100.00,0.00,5
92.791,3.119,30.00,19.86,100.00,0.00,5
92.810,3.139,30.00,19.99,100.00,0.00,5
92.831,3.159,30.00,19.93,100.00,0.00,5
92.850,3.178,30.00,19.99,100.00,0.00,5
92.889,3.217,30.00,20.05,100.00,0.00,5
92.909,3.237,30.00,20.05,100.00,0.00,5
92.928,3.256,30.00,20.05,100.00,0.00,5
92.948,3.276,30.00,20.11,100.00,0.00,5
92.988,3.316,30.00,20.17,100.00,0.00,5
93.007,3.335,30.00,20.11,100.00,0.00,5
93.046,3.374,30.00,20.11,100.00,0.00,5
93.066,3.394,30.00,20.17,100.00,0.00,5
93.085,3.414,30.00,20.23,100.00,0.00,5
93.105,3.433,30.00,20.23,100.00,0.00,5
93.144,3.472,30.00,20.11,100.00,0.00,5
93.164,3.492,30.00,20.29,100.00,0.00,5
93.183,3.511,30.00,20.17,100.00,0.00,5
93.203,3.531,30.00,20.29,100.00,0.00,5
93.242,3.570,30.00,20.41,100.00,0.00,5
93.262,3.590,30.00,20.41,100.00,0.00,5
93.281,3.610,30.00,20.53,100.00,0.00,5
93.301,3.630,30.00,20.47,100.00,0.00,5
93.340,3.669,30.00,20.47,100.00,0.00,5
93.360,3.688,30.00,20.53,100.00,0.00,5
93.379,3.707,30.00,20.47,100.00,0.00,5
93.399,3.728,30.00,20.65,100.00,0.00,5
93.439,3.767,30.00,20.65,100.00,0.00,5
93.458,3.786,30.00,20.65,100.00,0.00,5
93.477,3.805,30.00,20.71,100.00,0.00,5
93.497,3.825,30.00,20.82,100.00,0.00,5
93.536,3.864,30.00,20.71,100.00,0.00,5
93.556,3.884,30.00,20.71,100.00,0.00,5
93.576,3.904,30.00,20.77,100.00,0.00,5
93.595,3.923,30.00,20.82,100.00,0.00,5
93.615,3.943,30.00,20.89,100.00,0.00,5
93.654,3.982,30.00,20.71,100.00,0.00,5
93.674,4.002,30.00,20.77,100.00,0.00,5
93.693,4.021,30.00,20.82,100.00,0.00,5
93.713,4.041,30.00,21.00,100.00,0.00,5
93.752,4.080,30.00,21.13,100.00,0.00,5
93.772,4.100,30.00,21.00,100.00,0.00,5
93.791,4.119,30.00,20.89,100.00,0.00,5
93.812,4.140,30.00,20.95,100.00,0.00,5
93.850,4.178,30.00,21.00,100.00,0.00,5
93.871,4.199,30.00,21.00,100.00,0.00,5
93.889,4.217,30.00,21.00,100.00,0.00,5
93.929,4.257,30.00,21.07,100.00,0.00,5
93.948,4.276,30.00,21.07,100.00,0.00,5
93.968,4.296,30.00,21.07,100.00,0.00,5
93.987,4.315,30.00,21.07,100.00,0.00,5
94.028,4.356,30.00,21.13,100.00,0.00,5
94.066,4.394,30.00,21.18,100.00,0.00,5
94.085,4.413,30.00,21.13,100.00,0.00,5
94.105,4.433,30.00,21.25,100.00,0.00,5
94.125,4.453,30.00,21.13,100.00,0.00,5
94.164,4.492,30.00,21.18,100.00,0.00,5
94.183,4.511,30.00,21.30,100.00,0.00,5
94.203,4.531,30.00,21.18,100.00,0.00,5
94.224,4.552,30.00,21.18,100.00,0.00,5
94.262,4.590,30.00,21.25,100.00,0.00,5
94.282,4.610,30.00,21.25,100.00,0.00,5
94.301,4.630,30.00,21.25,100.00,0.00,5
94.341,4.669,30.00,21.30,100.00,0.00,5
94.360,4.688,30.00,21.30,100.00,0.00,5
94.380,4.708,30.00,21.30,100.00,0.00,5
94.400,4.728,30.00,21.36,100.00,0.00,5
94.438,4.766,30.00,21.36,100.00,0.00,5
94.458,4.786,30.00,21.36,100.00,0.00,5
94.478,4.807,30.00,21.48,100.00,0.00,5
94.517,4.845,30.00,21.30,100.00,0.00,5
94.538,4.866,30.00,21.48,100.00,0.00,5
94.556,4.884,30.00,21.61,100.00,0.00,5
94.595,4.924,30.00,21.48,100.00,0.00,5
94.615,4.944,30.00,21.48,100.00,0.00,5
94.635,4.963,30.00,21.36,100.00,0.00,5
94.655,4.983,30.00,21.72,100.00,0.00,5
94.693,5.022,30.00,21.66,100.00,0.00,5
100.853,0.020,15.00,21.30,0.00,0.00,6
100.872,0.039,15.00,21.48,0.00,0.00,6
100.893,0.061,15.00,21.66,0.00,0.00,6
100.912,0.079,15.00,21.61,0.00,0.00,6
100.951,0.118,15.00,21.66,0.00,0.00,6
100.971,0.138,15.00,21.66,0.00,0.00,6
100.990,0.157,15.00,21.54,0.00,0.00,6
101.010,0.178,15.00,21.66,0.00,0.00,6
101.049,0.216,15.00,21.61,0.00,0.00,6
101.069,0.236,15.00,21.66,0.00,0.00,6
101.088,0.255,15.00,21.77,0.00,0.00,6
101.108,0.275,15.00,21.66,0.00,0.00,6
101.147,0.315,15.00,21.72,0.00,0.00,6
101.167,0.334,15.00,21.84,0.00,0.00,6
101.187,0.354,15.00,21.66,0.00,0.00,6
101.226,0.393,15.00,21.61,0.00,0.00,6
101.245,0.412,15.00,21.72,0.00,0.00,6
101.265,0.432,15.00,21.77,0.00,0.00,6
101.284,0.452,15.00,29.01,0.00,25.95,6
101.324,0.492,15.00,29.06,0.00,26.52,6
101.343,0.511,15.00,29.06,0.00,26.80,6
101.363,0.531,15.00,28.90,0.00,26.26,6
101.402,0.569,15.00,29.06,0.00,27.36,6
101.422,0.589,15.00,28.96,0.00,27.11,6
101.441,0.608,15.00,29.01,0.00,27.63,6
101.461,0.628,15.00,29.06,0.00,28.20,6
101.501,0.668,15.00,29.17,0.00,29.01,6
101.520,0.688,15.00,29.23,0.00,29.58,6
101.559,0.726,15.00,29.33,0.00,30.39,6
101.579,0.747,15.00,29.17,0.00,29.86,6
101.598,0.766,15.00,29.28,0.00,30.72,6
101.618,0.785,15.00,29.28,0.00,31.01,6
101.657,0.824,15.00,29.39,0.00,31.82,6
101.677,0.844,15.00,29.12,0.00,30.76,6
101.697,0.864,15.00,29.76,0.00,34.25,6
101.716,0.883,15.00,29.81,0.00,34.83,6
101.755,0.923,15.00,29.92,0.00,35.65,6
101.775,0.943,15.00,29.81,0.00,35.42,6
101.795,0.962,15.00,29.86,0.00,35.96,6
101.834,1.001,15.00,29.76,0.00,35.73,6
101.853,1.020,15.00,29.92,0.00,36.84,6
101.873,1.040,15.00,29.98,0.00,37.42,6
101.893,1.060,15.00,29.92,0.00,37.43,6
101.932,1.099,15.00,29.81,0.00,37.21,6
101.952,1.119,15.00,29.92,0.00,38.03,6
101.971,1.138,15.00,30.08,0.00,39.13,6
101.991,1.158,15.00,29.92,0.00,38.63,6
102.010,1.177,15.00,29.98,0.00,39.21,6
102.050,1.217,15.00,30.02,0.00,39.75,6
102.069,1.236,15.00,30.08,0.00,40.33,6
102.089,1.256,15.00,30.08,0.00,40.63,6
102.128,1.296,15.00,30.18,0.00,41.46,6
102.148,1.315,15.00,30.14,0.00,41.52,6
102.167,1.334,15.00,30.24,0.00,42.35,6
102.188,1.355,15.00,30.29,0.00,42.89,6
102.226,1.393,15.00,30.29,0.00,43.19,6
102.246,1.413,15.00,30.40,0.00,44.07,6
102.265,1.432,15.00,30.29,0.00,43.81,6
102.285,1.452,15.00,30.34,0.00,44.40,6
102.305,1.472,15.00,30.50,0.00,45.50,6
102.344,1.512,15.00,30.61,0.00,46.33,6
102.364,1.531,15.00,30.71,0.00,47.16,6
102.384,1.551,15.00,30.71,0.00,47.48,6
102.403,1.570,15.00,30.61,0.00,47.27,6
102.442,1.609,15.00,30.71,0.00,48.10,6
102.462,1.629,15.00,30.77,0.00,48.70,6
102.481,1.649,15.00,30.82,0.00,49.29,6
102.502,1.669,15.00,30.82,0.00,49.61,6
102.540,1.708,15.00,30.82,0.00,49.93,6
102.561,1.728,15.00,30.92,0.00,50.76,6
102.579,1.747,15.00,30.77,0.00,50.28,6
102.618,1.785,15.00,30.82,0.00,50.88,6
102.638,1.805,15.00,30.66,0.00,50.40,6
102.658,1.825,15.00,30.87,0.00,51.74,6
102.677,1.844,15.00,30.82,0.00,51.82,6
102.717,1.884,15.00,30.66,0.00,51.34,6
102.736,1.903,15.00,30.98,0.00,53.25,6
102.757,1.924,15.00,30.66,0.00,51.98,6
102.775,1.942,15.00,30.71,0.00,52.52,6
102.815,1.982,15.00,30.61,0.00,52.32,6
102.834,2.001,15.00,30.98,0.00,54.51,6
102.854,2.021,15.00,30.66,0.00,53.23,6
102.873,2.040,15.00,30.71,0.00,53.78,6
102.913,2.080,15.00,30.92,0.00,55.17,6
102.932,2.099,15.00,30.61,0.00,53.90,6
102.952,2.119,15.00,30.71,0.00,54.73,6
102.971,2.138,15.00,30.71,0.00,55.04,6
103.011,2.178,15.00,30.61,0.00,54.84,6
103.030,2.197,15.00,30.34,0.00,53.83,6
103.050,2.218,15.00,30.45,0.00,54.66,6
103.070,2.237,15.00,30.14,0.00,53.41,6
103.109,2.277,15.00,30.34,0.00,54.75,6
103.129,2.297,15.00,29.98,0.00,53.21,6
103.168,2.335,15.00,29.98,0.00,53.51,6
103.188,2.355,15.00,29.71,0.00,52.48,6
103.207,2.374,15.00,29.81,0.00,53.30,6
